/****************************************************************************
** Resource object code
**
** Created by: The Resource Compiler for Qt version 6.10.1
**
** WARNING! All changes made in this file will be lost!
*****************************************************************************/

#ifdef _MSC_VER
// disable informational message "function ... selected for automatic inline expansion"
#pragma warning (disable: 4711)
#endif

static const unsigned char qt_resource_data[] = {
  // world_map.qml
  0x0,0x0,0x3,0xd6,
  0x69,
  0x6d,0x70,0x6f,0x72,0x74,0x20,0x51,0x74,0x51,0x75,0x69,0x63,0x6b,0x20,0x32,0x2e,
  0x31,0x35,0xa,0x69,0x6d,0x70,0x6f,0x72,0x74,0x20,0x51,0x74,0x4c,0x6f,0x63,0x61,
  0x74,0x69,0x6f,0x6e,0x20,0x36,0x2e,0x35,0xa,0x69,0x6d,0x70,0x6f,0x72,0x74,0x20,
  0x51,0x74,0x50,0x6f,0x73,0x69,0x74,0x69,0x6f,0x6e,0x69,0x6e,0x67,0x20,0x36,0x2e,
  0x35,0xa,0xa,0x49,0x74,0x65,0x6d,0x20,0x7b,0xa,0x20,0x20,0x20,0x20,0x69,0x64,
  0x3a,0x20,0x72,0x6f,0x6f,0x74,0xa,0x20,0x20,0x20,0x20,0x70,0x72,0x6f,0x70,0x65,
  0x72,0x74,0x79,0x20,0x76,0x61,0x72,0x20,0x6c,0x69,0x6e,0x65,0x4f,0x76,0x65,0x72,
  0x6c,0x61,0x79,0x73,0x3a,0x20,0x5b,0x5d,0xa,0x20,0x20,0x20,0x20,0x70,0x72,0x6f,
  0x70,0x65,0x72,0x74,0x79,0x20,0x76,0x61,0x72,0x20,0x62,0x61,0x6e,0x64,0x4f,0x76,
  0x65,0x72,0x6c,0x61,0x79,0x73,0x3a,0x20,0x5b,0x5d,0xa,0x20,0x20,0x20,0x20,0x70,
  0x72,0x6f,0x70,0x65,0x72,0x74,0x79,0x20,0x76,0x61,0x72,0x20,0x6d,0x61,0x72,0x6b,
  0x65,0x72,0x4f,0x76,0x65,0x72,0x6c,0x61,0x79,0x73,0x3a,0x20,0x5b,0x5d,0xa,0xa,
  0x20,0x20,0x20,0x20,0x4d,0x61,0x70,0x20,0x7b,0xa,0x20,0x20,0x20,0x20,0x20,0x20,
  0x20,0x20,0x69,0x64,0x3a,0x20,0x6d,0x61,0x70,0xa,0x20,0x20,0x20,0x20,0x20,0x20,
  0x20,0x20,0x61,0x6e,0x63,0x68,0x6f,0x72,0x73,0x2e,0x66,0x69,0x6c,0x6c,0x3a,0x20,
  0x70,0x61,0x72,0x65,0x6e,0x74,0xa,0x20,0x20,0x20,0x20,0x20,0x20,0x20,0x20,0x70,
  0x6c,0x75,0x67,0x69,0x6e,0x3a,0x20,0x50,0x6c,0x75,0x67,0x69,0x6e,0x20,0x7b,0xa,
  0x20,0x20,0x20,0x20,0x20,0x20,0x20,0x20,0x20,0x20,0x20,0x20,0x6e,0x61,0x6d,0x65,
  0x3a,0x20,0x22,0x6f,0x73,0x6d,0x22,0xa,0x20,0x20,0x20,0x20,0x20,0x20,0x20,0x20,
  0x7d,0xa,0x20,0x20,0x20,0x20,0x20,0x20,0x20,0x20,0x63,0x65,0x6e,0x74,0x65,0x72,
  0x3a,0x20,0x51,0x74,0x50,0x6f,0x73,0x69,0x74,0x69,0x6f,0x6e,0x69,0x6e,0x67,0x2e,
  0x63,0x6f,0x6f,0x72,0x64,0x69,0x6e,0x61,0x74,0x65,0x28,0x30,0x2c,0x20,0x30,0x29,
  0xa,0x20,0x20,0x20,0x20,0x20,0x20,0x20,0x20,0x7a,0x6f,0x6f,0x6d,0x4c,0x65,0x76,
  0x65,0x6c,0x3a,0x20,0x32,0xa,0x20,0x20,0x20,0x20,0x20,0x20,0x20,0x20,0x6d,0x69,
  0x6e,0x69,0x6d,0x75,0x6d,0x5a,0x6f,0x6f,0x6d,0x4c,0x65,0x76,0x65,0x6c,0x3a,0x20,
  0x31,0xa,0x20,0x20,0x20,0x20,0x20,0x20,0x20,0x20,0x6d,0x61,0x78,0x69,0x6d,0x75,
  0x6d,0x5a,0x6f,0x6f,0x6d,0x4c,0x65,0x76,0x65,0x6c,0x3a,0x20,0x31,0x30,0xa,0xa,
  0x20,0x20,0x20,0x20,0x20,0x20,0x20,0x20,0x52,0x65,0x70,0x65,0x61,0x74,0x65,0x72,
  0x20,0x7b,0xa,0x20,0x20,0x20,0x20,0x20,0x20,0x20,0x20,0x20,0x20,0x20,0x20,0x6d,
  0x6f,0x64,0x65,0x6c,0x3a,0x20,0x72,0x6f,0x6f,0x74,0x2e,0x62,0x61,0x6e,0x64,0x4f,
  0x76,0x65,0x72,0x6c,0x61,0x79,0x73,0xa,0x20,0x20,0x20,0x20,0x20,0x20,0x20,0x20,
  0x20,0x20,0x20,0x20,0x64,0x65,0x6c,0x65,0x67,0x61,0x74,0x65,0x3a,0x20,0x4d,0x61,
  0x70,0x50,0x6f,0x6c,0x79,0x67,0x6f,0x6e,0x20,0x7b,0xa,0x20,0x20,0x20,0x20,0x20,
  0x20,0x20,0x20,0x20,0x20,0x20,0x20,0x20,0x20,0x20,0x20,0x70,0x61,0x74,0x68,0x3a,
  0x20,0x6d,0x6f,0x64,0x65,0x6c,0x44,0x61,0x74,0x61,0x2e,0x70,0x61,0x74,0x68,0xa,
  0x20,0x20,0x20,0x20,0x20,0x20,0x20,0x20,0x20,0x20,0x20,0x20,0x20,0x20,0x20,0x20,
  0x63,0x6f,0x6c,0x6f,0x72,0x3a,0x20,0x6d,0x6f,0x64,0x65,0x6c,0x44,0x61,0x74,0x61,
  0x2e,0x66,0x69,0x6c,0x6c,0x43,0x6f,0x6c,0x6f,0x72,0xa,0x20,0x20,0x20,0x20,0x20,
  0x20,0x20,0x20,0x20,0x20,0x20,0x20,0x20,0x20,0x20,0x20,0x62,0x6f,0x72,0x64,0x65,
  0x72,0x2e,0x63,0x6f,0x6c,0x6f,0x72,0x3a,0x20,0x6d,0x6f,0x64,0x65,0x6c,0x44,0x61,
  0x74,0x61,0x2e,0x62,0x6f,0x72,0x64,0x65,0x72,0x43,0x6f,0x6c,0x6f,0x72,0xa,0x20,
  0x20,0x20,0x20,0x20,0x20,0x20,0x20,0x20,0x20,0x20,0x20,0x20,0x20,0x20,0x20,0x62,
  0x6f,0x72,0x64,0x65,0x72,0x2e,0x77,0x69,0x64,0x74,0x68,0x3a,0x20,0x6d,0x6f,0x64,
  0x65,0x6c,0x44,0x61,0x74,0x61,0x2e,0x62,0x6f,0x72,0x64,0x65,0x72,0x57,0x69,0x64,
  0x74,0x68,0xa,0x20,0x20,0x20,0x20,0x20,0x20,0x20,0x20,0x20,0x20,0x20,0x20,0x7d,
  0xa,0x20,0x20,0x20,0x20,0x20,0x20,0x20,0x20,0x7d,0xa,0xa,0x20,0x20,0x20,0x20,
  0x20,0x20,0x20,0x20,0x52,0x65,0x70,0x65,0x61,0x74,0x65,0x72,0x20,0x7b,0xa,0x20,
  0x20,0x20,0x20,0x20,0x20,0x20,0x20,0x20,0x20,0x20,0x20,0x6d,0x6f,0x64,0x65,0x6c,
  0x3a,0x20,0x72,0x6f,0x6f,0x74,0x2e,0x6c,0x69,0x6e,0x65,0x4f,0x76,0x65,0x72,0x6c,
  0x61,0x79,0x73,0xa,0x20,0x20,0x20,0x20,0x20,0x20,0x20,0x20,0x20,0x20,0x20,0x20,
  0x64,0x65,0x6c,0x65,0x67,0x61,0x74,0x65,0x3a,0x20,0x4d,0x61,0x70,0x50,0x6f,0x6c,
  0x79,0x6c,0x69,0x6e,0x65,0x20,0x7b,0xa,0x20,0x20,0x20,0x20,0x20,0x20,0x20,0x20,
  0x20,0x20,0x20,0x20,0x20,0x20,0x20,0x20,0x70,0x61,0x74,0x68,0x3a,0x20,0x6d,0x6f,
  0x64,0x65,0x6c,0x44,0x61,0x74,0x61,0x2e,0x70,0x61,0x74,0x68,0xa,0x20,0x20,0x20,
  0x20,0x20,0x20,0x20,0x20,0x20,0x20,0x20,0x20,0x20,0x20,0x20,0x20,0x6c,0x69,0x6e,
  0x65,0x2e,0x77,0x69,0x64,0x74,0x68,0x3a,0x20,0x6d,0x6f,0x64,0x65,0x6c,0x44,0x61,
  0x74,0x61,0x2e,0x77,0x69,0x64,0x74,0x68,0xa,0x20,0x20,0x20,0x20,0x20,0x20,0x20,
  0x20,0x20,0x20,0x20,0x20,0x20,0x20,0x20,0x20,0x6c,0x69,0x6e,0x65,0x2e,0x63,0x6f,
  0x6c,0x6f,0x72,0x3a,0x20,0x6d,0x6f,0x64,0x65,0x6c,0x44,0x61,0x74,0x61,0x2e,0x63,
  0x6f,0x6c,0x6f,0x72,0xa,0x20,0x20,0x20,0x20,0x20,0x20,0x20,0x20,0x20,0x20,0x20,
  0x20,0x7d,0xa,0x20,0x20,0x20,0x20,0x20,0x20,0x20,0x20,0x7d,0xa,0x20,0x20,0x20,
  0x20,0x7d,0xa,0x7d,0xa,
    // aries.svg
  0x0,0x0,0x2,0x5e,
  0x3c,
  0x73,0x76,0x67,0x20,0x78,0x6d,0x6c,0x6e,0x73,0x3d,0x22,0x68,0x74,0x74,0x70,0x3a,
  0x2f,0x2f,0x77,0x77,0x77,0x2e,0x77,0x33,0x2e,0x6f,0x72,0x67,0x2f,0x32,0x30,0x30,
  0x30,0x2f,0x73,0x76,0x67,0x22,0x20,0x76,0x69,0x65,0x77,0x42,0x6f,0x78,0x3d,0x22,
  0x30,0x20,0x30,0x20,0x35,0x31,0x32,0x20,0x35,0x31,0x32,0x22,0x20,0x72,0x6f,0x6c,
  0x65,0x3d,0x22,0x69,0x6d,0x67,0x22,0x20,0x61,0x72,0x69,0x61,0x2d,0x6c,0x61,0x62,
  0x65,0x6c,0x3d,0x22,0x41,0x72,0x69,0x65,0x73,0x22,0x3e,0xd,0xa,0x20,0x20,0x3c,
  0x70,0x61,0x74,0x68,0x20,0x66,0x69,0x6c,0x6c,0x3d,0x22,0x63,0x75,0x72,0x72,0x65,
  0x6e,0x74,0x43,0x6f,0x6c,0x6f,0x72,0x22,0x20,0x64,0x3d,0x22,0x4d,0x38,0x35,0x34,
  0x20,0x30,0x51,0x38,0x35,0x34,0x20,0x36,0x30,0x30,0x20,0x37,0x31,0x31,0x2e,0x30,
  0x20,0x39,0x38,0x36,0x2e,0x35,0x51,0x35,0x36,0x38,0x20,0x31,0x33,0x37,0x33,0x20,
  0x33,0x39,0x39,0x20,0x31,0x33,0x37,0x33,0x51,0x32,0x37,0x30,0x20,0x31,0x33,0x37,
  0x33,0x20,0x32,0x35,0x33,0x2e,0x30,0x20,0x31,0x32,0x37,0x34,0x2e,0x35,0x51,0x32,
  0x33,0x36,0x20,0x31,0x31,0x37,0x36,0x20,0x32,0x33,0x36,0x20,0x31,0x31,0x34,0x32,
  0x51,0x32,0x33,0x36,0x20,0x31,0x30,0x31,0x34,0x20,0x33,0x32,0x30,0x20,0x38,0x38,
  0x36,0x48,0x31,0x38,0x36,0x51,0x39,0x33,0x20,0x31,0x30,0x31,0x38,0x20,0x39,0x33,
  0x20,0x31,0x31,0x37,0x39,0x51,0x39,0x33,0x20,0x31,0x33,0x31,0x31,0x20,0x31,0x37,
  0x34,0x2e,0x35,0x20,0x31,0x34,0x30,0x34,0x2e,0x35,0x51,0x32,0x35,0x36,0x20,0x31,
  0x34,0x39,0x38,0x20,0x34,0x30,0x32,0x20,0x31,0x34,0x39,0x38,0x51,0x37,0x37,0x34,
  0x20,0x31,0x34,0x39,0x38,0x20,0x39,0x30,0x35,0x20,0x37,0x32,0x35,0x51,0x39,0x31,
  0x33,0x20,0x36,0x37,0x36,0x20,0x39,0x31,0x38,0x20,0x36,0x33,0x36,0x51,0x39,0x32,
  0x32,0x20,0x36,0x37,0x36,0x20,0x39,0x33,0x30,0x20,0x37,0x32,0x35,0x51,0x31,0x30,
  0x36,0x32,0x20,0x31,0x34,0x39,0x38,0x20,0x31,0x34,0x33,0x33,0x20,0x31,0x34,0x39,
  0x38,0x51,0x31,0x35,0x38,0x30,0x20,0x31,0x34,0x39,0x38,0x20,0x31,0x36,0x36,0x31,
  0x2e,0x30,0x20,0x31,0x34,0x30,0x34,0x2e,0x35,0x51,0x31,0x37,0x34,0x32,0x20,0x31,
  0x33,0x31,0x31,0x20,0x31,0x37,0x34,0x32,0x20,0x31,0x31,0x37,0x39,0x51,0x31,0x37,
  0x34,0x32,0x20,0x31,0x30,0x31,0x38,0x20,0x31,0x36,0x34,0x39,0x20,0x38,0x38,0x36,
  0x48,0x31,0x35,0x31,0x35,0x51,0x31,0x36,0x30,0x30,0x20,0x31,0x30,0x31,0x34,0x20,
  0x31,0x36,0x30,0x30,0x20,0x31,0x31,0x34,0x33,0x51,0x31,0x36,0x30,0x30,0x20,0x31,
  0x31,0x37,0x37,0x20,0x31,0x35,0x38,0x33,0x2e,0x30,0x20,0x31,0x32,0x37,0x35,0x2e,
  0x30,0x51,0x31,0x35,0x36,0x36,0x20,0x31,0x33,0x37,0x33,0x20,0x31,0x34,0x33,0x36,
  0x20,0x31,0x33,0x37,0x33,0x51,0x31,0x32,0x36,0x38,0x20,0x31,0x33,0x37,0x33,0x20,
  0x31,0x31,0x32,0x35,0x2e,0x30,0x20,0x39,0x38,0x36,0x2e,0x35,0x51,0x39,0x38,0x32,
  0x20,0x36,0x30,0x30,0x20,0x39,0x38,0x32,0x20,0x30,0x5a,0x22,0x20,0x74,0x72,0x61,
  0x6e,0x73,0x66,0x6f,0x72,0x6d,0x3d,0x22,0x74,0x72,0x61,0x6e,0x73,0x6c,0x61,0x74,
  0x65,0x28,0x36,0x2e,0x37,0x33,0x33,0x37,0x37,0x38,0x20,0x34,0x35,0x39,0x2e,0x34,
  0x38,0x38,0x31,0x37,0x35,0x29,0x20,0x73,0x63,0x61,0x6c,0x65,0x28,0x30,0x2e,0x32,
  0x37,0x31,0x36,0x38,0x30,0x20,0x2d,0x30,0x2e,0x32,0x37,0x31,0x36,0x38,0x30,0x29,
  0x22,0x2f,0x3e,0xd,0xa,0x3c,0x2f,0x73,0x76,0x67,0x3e,0xd,0xa,
    // cancer.svg
  0x0,0x0,0x4,0x3e,
  0x3c,
  0x73,0x76,0x67,0x20,0x78,0x6d,0x6c,0x6e,0x73,0x3d,0x22,0x68,0x74,0x74,0x70,0x3a,
  0x2f,0x2f,0x77,0x77,0x77,0x2e,0x77,0x33,0x2e,0x6f,0x72,0x67,0x2f,0x32,0x30,0x30,
  0x30,0x2f,0x73,0x76,0x67,0x22,0x20,0x76,0x69,0x65,0x77,0x42,0x6f,0x78,0x3d,0x22,
  0x30,0x20,0x30,0x20,0x35,0x31,0x32,0x20,0x35,0x31,0x32,0x22,0x20,0x72,0x6f,0x6c,
  0x65,0x3d,0x22,0x69,0x6d,0x67,0x22,0x20,0x61,0x72,0x69,0x61,0x2d,0x6c,0x61,0x62,
  0x65,0x6c,0x3d,0x22,0x43,0x61,0x6e,0x63,0x65,0x72,0x22,0x3e,0xd,0xa,0x20,0x20,
  0x3c,0x70,0x61,0x74,0x68,0x20,0x66,0x69,0x6c,0x6c,0x3d,0x22,0x63,0x75,0x72,0x72,
  0x65,0x6e,0x74,0x43,0x6f,0x6c,0x6f,0x72,0x22,0x20,0x64,0x3d,0x22,0x4d,0x31,0x32,
  0x35,0x31,0x20,0x32,0x34,0x31,0x51,0x31,0x33,0x34,0x35,0x20,0x32,0x34,0x31,0x20,
  0x31,0x34,0x31,0x31,0x2e,0x35,0x20,0x33,0x30,0x37,0x2e,0x35,0x51,0x31,0x34,0x37,
  0x38,0x20,0x33,0x37,0x34,0x20,0x31,0x34,0x37,0x38,0x2e,0x30,0x20,0x34,0x36,0x39,
  0x2e,0x30,0x51,0x31,0x34,0x37,0x38,0x20,0x35,0x36,0x34,0x20,0x31,0x34,0x31,0x32,
  0x2e,0x30,0x20,0x36,0x33,0x30,0x2e,0x30,0x51,0x31,0x33,0x34,0x36,0x20,0x36,0x39,
  0x36,0x20,0x31,0x32,0x35,0x31,0x2e,0x30,0x20,0x36,0x39,0x36,0x2e,0x30,0x51,0x31,
  0x31,0x35,0x36,0x20,0x36,0x39,0x36,0x20,0x31,0x30,0x39,0x30,0x2e,0x30,0x20,0x36,
  0x33,0x30,0x2e,0x30,0x51,0x31,0x30,0x32,0x34,0x20,0x35,0x36,0x34,0x20,0x31,0x30,
  0x32,0x34,0x2e,0x30,0x20,0x34,0x36,0x39,0x2e,0x30,0x51,0x31,0x30,0x32,0x34,0x20,
  0x33,0x37,0x34,0x20,0x31,0x30,0x39,0x30,0x2e,0x30,0x20,0x33,0x30,0x37,0x2e,0x35,
  0x51,0x31,0x31,0x35,0x36,0x20,0x32,0x34,0x31,0x20,0x31,0x32,0x35,0x31,0x20,0x32,
  0x34,0x31,0x5a,0x4d,0x31,0x30,0x36,0x30,0x20,0x36,0x34,0x51,0x37,0x34,0x38,0x20,
  0x36,0x36,0x20,0x35,0x36,0x36,0x2e,0x30,0x20,0x38,0x36,0x2e,0x30,0x51,0x33,0x38,
  0x34,0x20,0x31,0x30,0x36,0x20,0x32,0x33,0x31,0x20,0x31,0x34,0x39,0x56,0x32,0x37,
  0x33,0x51,0x34,0x38,0x34,0x20,0x31,0x38,0x39,0x20,0x36,0x36,0x36,0x2e,0x30,0x20,
  0x31,0x37,0x38,0x2e,0x30,0x51,0x38,0x34,0x38,0x20,0x31,0x36,0x37,0x20,0x39,0x30,
  0x37,0x20,0x31,0x36,0x37,0x51,0x31,0x30,0x33,0x37,0x20,0x31,0x36,0x37,0x20,0x31,
  0x30,0x32,0x39,0x20,0x31,0x39,0x33,0x51,0x38,0x39,0x38,0x20,0x33,0x30,0x31,0x20,
  0x38,0x39,0x38,0x20,0x34,0x36,0x38,0x51,0x38,0x39,0x38,0x20,0x36,0x31,0x35,0x20,
  0x31,0x30,0x30,0x30,0x2e,0x35,0x20,0x37,0x31,0x38,0x2e,0x35,0x51,0x31,0x31,0x30,
  0x33,0x20,0x38,0x32,0x32,0x20,0x31,0x32,0x35,0x30,0x20,0x38,0x32,0x32,0x51,0x31,
  0x33,0x39,0x39,0x20,0x38,0x32,0x32,0x20,0x31,0x35,0x30,0x32,0x2e,0x30,0x20,0x37,
  0x31,0x38,0x2e,0x35,0x51,0x31,0x36,0x30,0x35,0x20,0x36,0x31,0x35,0x20,0x31,0x36,
  0x30,0x35,0x2e,0x30,0x20,0x34,0x36,0x38,0x2e,0x30,0x51,0x31,0x36,0x30,0x35,0x20,
  0x33,0x32,0x31,0x20,0x31,0x35,0x30,0x31,0x20,0x32,0x31,0x38,0x51,0x31,0x34,0x32,
  0x38,0x20,0x31,0x34,0x31,0x20,0x31,0x33,0x30,0x35,0x2e,0x30,0x20,0x31,0x30,0x33,
  0x2e,0x30,0x51,0x31,0x31,0x38,0x32,0x20,0x36,0x35,0x20,0x31,0x30,0x36,0x30,0x20,
  0x36,0x34,0x5a,0x4d,0x35,0x38,0x35,0x20,0x37,0x35,0x39,0x51,0x36,0x37,0x39,0x20,
  0x37,0x35,0x39,0x20,0x37,0x34,0x35,0x2e,0x35,0x20,0x38,0x32,0x35,0x2e,0x30,0x51,
  0x38,0x31,0x32,0x20,0x38,0x39,0x31,0x20,0x38,0x31,0x32,0x2e,0x30,0x20,0x39,0x38,
  0x36,0x2e,0x30,0x51,0x38,0x31,0x32,0x20,0x31,0x30,0x38,0x31,0x20,0x37,0x34,0x35,
  0x2e,0x35,0x20,0x31,0x31,0x34,0x37,0x2e,0x30,0x51,0x36,0x37,0x39,0x20,0x31,0x32,
  0x31,0x33,0x20,0x35,0x38,0x35,0x2e,0x30,0x20,0x31,0x32,0x31,0x33,0x2e,0x30,0x51,
  0x34,0x39,0x31,0x20,0x31,0x32,0x31,0x33,0x20,0x34,0x32,0x34,0x2e,0x30,0x20,0x31,
  0x31,0x34,0x37,0x2e,0x30,0x51,0x33,0x35,0x37,0x20,0x31,0x30,0x38,0x31,0x20,0x33,
  0x35,0x37,0x2e,0x30,0x20,0x39,0x38,0x36,0x2e,0x30,0x51,0x33,0x35,0x37,0x20,0x38,
  0x39,0x31,0x20,0x34,0x32,0x33,0x2e,0x35,0x20,0x38,0x32,0x35,0x2e,0x30,0x51,0x34,
  0x39,0x30,0x20,0x37,0x35,0x39,0x20,0x35,0x38,0x35,0x20,0x37,0x35,0x39,0x5a,0x4d,
  0x37,0x37,0x35,0x20,0x31,0x33,0x39,0x31,0x51,0x31,0x30,0x38,0x38,0x20,0x31,0x33,
  0x38,0x39,0x20,0x31,0x32,0x37,0x30,0x2e,0x30,0x20,0x31,0x33,0x36,0x38,0x2e,0x35,
  0x51,0x31,0x34,0x35,0x32,0x20,0x31,0x33,0x34,0x38,0x20,0x31,0x36,0x30,0x35,0x20,
  0x31,0x33,0x30,0x35,0x56,0x31,0x31,0x38,0x32,0x51,0x31,0x33,0x35,0x32,0x20,0x31,
  0x32,0x36,0x36,0x20,0x31,0x31,0x37,0x31,0x2e,0x30,0x20,0x31,0x32,0x37,0x36,0x2e,
  0x35,0x51,0x39,0x39,0x30,0x20,0x31,0x32,0x38,0x37,0x20,0x39,0x33,0x32,0x20,0x31,
  0x32,0x38,0x37,0x51,0x37,0x39,0x39,0x20,0x31,0x32,0x38,0x37,0x20,0x38,0x30,0x37,
  0x20,0x31,0x32,0x36,0x31,0x51,0x39,0x33,0x38,0x20,0x31,0x31,0x35,0x33,0x20,0x39,
  0x33,0x38,0x20,0x39,0x38,0x37,0x51,0x39,0x33,0x38,0x20,0x38,0x33,0x39,0x20,0x38,
  0x33,0x35,0x2e,0x35,0x20,0x37,0x33,0x35,0x2e,0x35,0x51,0x37,0x33,0x33,0x20,0x36,
  0x33,0x32,0x20,0x35,0x38,0x36,0x20,0x36,0x33,0x32,0x51,0x34,0x33,0x37,0x20,0x36,
  0x33,0x32,0x20,0x33,0x33,0x34,0x2e,0x30,0x20,0x37,0x33,0x35,0x2e,0x35,0x51,0x32,
  0x33,0x31,0x20,0x38,0x33,0x39,0x20,0x32,0x33,0x31,0x20,0x39,0x38,0x37,0x51,0x32,
  0x33,0x31,0x20,0x31,0x31,0x33,0x33,0x20,0x33,0x33,0x35,0x20,0x31,0x32,0x33,0x36,
  0x51,0x34,0x30,0x38,0x20,0x31,0x33,0x31,0x33,0x20,0x35,0x33,0x30,0x2e,0x35,0x20,
  0x31,0x33,0x35,0x31,0x2e,0x35,0x51,0x36,0x35,0x33,0x20,0x31,0x33,0x39,0x30,0x20,
  0x37,0x37,0x35,0x20,0x31,0x33,0x39,0x31,0x5a,0x22,0x20,0x74,0x72,0x61,0x6e,0x73,
  0x66,0x6f,0x72,0x6d,0x3d,0x22,0x74,0x72,0x61,0x6e,0x73,0x6c,0x61,0x74,0x65,0x28,
  0x2d,0x34,0x33,0x2e,0x33,0x31,0x38,0x37,0x37,0x37,0x20,0x34,0x39,0x33,0x2e,0x32,
  0x30,0x35,0x32,0x34,0x30,0x29,0x20,0x73,0x63,0x61,0x6c,0x65,0x28,0x30,0x2e,0x33,
  0x32,0x36,0x30,0x35,0x35,0x20,0x2d,0x30,0x2e,0x33,0x32,0x36,0x30,0x35,0x35,0x29,
  0x22,0x2f,0x3e,0xd,0xa,0x3c,0x2f,0x73,0x76,0x67,0x3e,0xd,0xa,
    // taurus.svg
  0x0,0x0,0x3,0x38,
  0x3c,
  0x73,0x76,0x67,0x20,0x78,0x6d,0x6c,0x6e,0x73,0x3d,0x22,0x68,0x74,0x74,0x70,0x3a,
  0x2f,0x2f,0x77,0x77,0x77,0x2e,0x77,0x33,0x2e,0x6f,0x72,0x67,0x2f,0x32,0x30,0x30,
  0x30,0x2f,0x73,0x76,0x67,0x22,0x20,0x76,0x69,0x65,0x77,0x42,0x6f,0x78,0x3d,0x22,
  0x30,0x20,0x30,0x20,0x35,0x31,0x32,0x20,0x35,0x31,0x32,0x22,0x20,0x72,0x6f,0x6c,
  0x65,0x3d,0x22,0x69,0x6d,0x67,0x22,0x20,0x61,0x72,0x69,0x61,0x2d,0x6c,0x61,0x62,
  0x65,0x6c,0x3d,0x22,0x54,0x61,0x75,0x72,0x75,0x73,0x22,0x3e,0xd,0xa,0x20,0x20,
  0x3c,0x70,0x61,0x74,0x68,0x20,0x66,0x69,0x6c,0x6c,0x3d,0x22,0x63,0x75,0x72,0x72,
  0x65,0x6e,0x74,0x43,0x6f,0x6c,0x6f,0x72,0x22,0x20,0x64,0x3d,0x22,0x4d,0x39,0x31,
  0x37,0x20,0x38,0x36,0x30,0x51,0x37,0x37,0x30,0x20,0x38,0x36,0x30,0x20,0x36,0x36,
  0x37,0x2e,0x30,0x20,0x37,0x35,0x36,0x2e,0x35,0x51,0x35,0x36,0x34,0x20,0x36,0x35,
  0x33,0x20,0x35,0x36,0x34,0x2e,0x30,0x20,0x35,0x30,0x36,0x2e,0x30,0x51,0x35,0x36,
  0x34,0x20,0x33,0x35,0x39,0x20,0x36,0x36,0x37,0x2e,0x30,0x20,0x32,0x35,0x36,0x2e,
  0x30,0x51,0x37,0x37,0x30,0x20,0x31,0x35,0x33,0x20,0x39,0x31,0x37,0x2e,0x30,0x20,
  0x31,0x35,0x33,0x2e,0x30,0x51,0x31,0x30,0x36,0x34,0x20,0x31,0x35,0x33,0x20,0x31,
  0x31,0x36,0x37,0x2e,0x35,0x20,0x32,0x35,0x36,0x2e,0x30,0x51,0x31,0x32,0x37,0x31,
  0x20,0x33,0x35,0x39,0x20,0x31,0x32,0x37,0x31,0x2e,0x30,0x20,0x35,0x30,0x36,0x2e,
  0x30,0x51,0x31,0x32,0x37,0x31,0x20,0x36,0x35,0x33,0x20,0x31,0x31,0x36,0x38,0x2e,
  0x35,0x20,0x37,0x35,0x36,0x2e,0x35,0x51,0x31,0x30,0x36,0x36,0x20,0x38,0x36,0x30,
  0x20,0x39,0x31,0x37,0x20,0x38,0x36,0x30,0x5a,0x4d,0x39,0x31,0x37,0x20,0x31,0x30,
  0x31,0x30,0x51,0x31,0x30,0x34,0x38,0x20,0x31,0x30,0x31,0x35,0x20,0x31,0x31,0x32,
  0x34,0x20,0x31,0x30,0x37,0x36,0x51,0x31,0x32,0x31,0x30,0x20,0x31,0x31,0x34,0x32,
  0x20,0x31,0x32,0x35,0x38,0x2e,0x35,0x20,0x31,0x32,0x33,0x32,0x2e,0x30,0x51,0x31,
  0x33,0x30,0x37,0x20,0x31,0x33,0x32,0x32,0x20,0x31,0x33,0x38,0x37,0x2e,0x35,0x20,
  0x31,0x34,0x30,0x39,0x2e,0x30,0x51,0x31,0x34,0x36,0x38,0x20,0x31,0x34,0x39,0x36,
  0x20,0x31,0x36,0x35,0x33,0x20,0x31,0x34,0x39,0x36,0x56,0x31,0x33,0x38,0x38,0x51,
  0x31,0x35,0x33,0x30,0x20,0x31,0x33,0x38,0x38,0x20,0x31,0x34,0x34,0x36,0x2e,0x35,
  0x20,0x31,0x32,0x33,0x32,0x2e,0x30,0x51,0x31,0x33,0x36,0x33,0x20,0x31,0x30,0x37,
  0x36,0x20,0x31,0x32,0x33,0x32,0x20,0x39,0x36,0x38,0x51,0x31,0x32,0x31,0x31,0x20,
  0x39,0x34,0x39,0x20,0x31,0x31,0x38,0x38,0x20,0x39,0x33,0x34,0x51,0x31,0x32,0x33,
  0x34,0x20,0x39,0x30,0x34,0x20,0x31,0x32,0x37,0x37,0x20,0x38,0x36,0x33,0x51,0x31,
  0x34,0x32,0x33,0x20,0x37,0x31,0x34,0x20,0x31,0x34,0x32,0x33,0x20,0x35,0x30,0x34,
  0x51,0x31,0x34,0x32,0x33,0x20,0x32,0x39,0x35,0x20,0x31,0x32,0x37,0x35,0x2e,0x35,
  0x20,0x31,0x34,0x37,0x2e,0x35,0x51,0x31,0x31,0x32,0x38,0x20,0x30,0x20,0x39,0x31,
  0x37,0x20,0x30,0x51,0x37,0x30,0x39,0x20,0x30,0x20,0x35,0x36,0x31,0x2e,0x30,0x20,
  0x31,0x34,0x37,0x2e,0x35,0x51,0x34,0x31,0x33,0x20,0x32,0x39,0x35,0x20,0x34,0x31,
  0x33,0x20,0x35,0x30,0x34,0x51,0x34,0x31,0x33,0x20,0x37,0x31,0x34,0x20,0x35,0x36,
  0x31,0x20,0x38,0x36,0x33,0x51,0x36,0x30,0x32,0x20,0x39,0x30,0x35,0x20,0x36,0x35,
  0x30,0x20,0x39,0x33,0x35,0x51,0x36,0x32,0x36,0x20,0x39,0x34,0x39,0x20,0x36,0x30,
  0x35,0x20,0x39,0x36,0x38,0x51,0x34,0x37,0x36,0x20,0x31,0x30,0x37,0x36,0x20,0x33,
  0x39,0x30,0x2e,0x35,0x20,0x31,0x32,0x33,0x32,0x2e,0x30,0x51,0x33,0x30,0x35,0x20,
  0x31,0x33,0x38,0x38,0x20,0x31,0x38,0x33,0x20,0x31,0x33,0x38,0x38,0x56,0x31,0x34,
  0x39,0x36,0x51,0x33,0x36,0x38,0x20,0x31,0x34,0x39,0x36,0x20,0x34,0x36,0x31,0x2e,
  0x30,0x20,0x31,0x34,0x30,0x39,0x2e,0x30,0x51,0x35,0x35,0x34,0x20,0x31,0x33,0x32,
  0x32,0x20,0x35,0x39,0x30,0x2e,0x30,0x20,0x31,0x32,0x33,0x32,0x2e,0x30,0x51,0x36,
  0x32,0x36,0x20,0x31,0x31,0x34,0x32,0x20,0x37,0x31,0x31,0x20,0x31,0x30,0x37,0x36,
  0x51,0x37,0x38,0x38,0x20,0x31,0x30,0x31,0x35,0x20,0x39,0x31,0x37,0x20,0x31,0x30,
  0x31,0x30,0x5a,0x22,0x20,0x74,0x72,0x61,0x6e,0x73,0x66,0x6f,0x72,0x6d,0x3d,0x22,
  0x74,0x72,0x61,0x6e,0x73,0x6c,0x61,0x74,0x65,0x28,0x2d,0x31,0x38,0x2e,0x39,0x30,
  0x39,0x30,0x39,0x31,0x20,0x34,0x38,0x30,0x2e,0x30,0x30,0x30,0x30,0x30,0x30,0x29,
  0x20,0x73,0x63,0x61,0x6c,0x65,0x28,0x30,0x2e,0x32,0x39,0x39,0x34,0x36,0x35,0x20,
  0x2d,0x30,0x2e,0x32,0x39,0x39,0x34,0x36,0x35,0x29,0x22,0x2f,0x3e,0xd,0xa,0x3c,
  0x2f,0x73,0x76,0x67,0x3e,0xd,0xa,
    // scorpio.svg
  0x0,0x0,0x3,0x14,
  0x3c,
  0x73,0x76,0x67,0x20,0x78,0x6d,0x6c,0x6e,0x73,0x3d,0x22,0x68,0x74,0x74,0x70,0x3a,
  0x2f,0x2f,0x77,0x77,0x77,0x2e,0x77,0x33,0x2e,0x6f,0x72,0x67,0x2f,0x32,0x30,0x30,
  0x30,0x2f,0x73,0x76,0x67,0x22,0x20,0x76,0x69,0x65,0x77,0x42,0x6f,0x78,0x3d,0x22,
  0x30,0x20,0x30,0x20,0x35,0x31,0x32,0x20,0x35,0x31,0x32,0x22,0x20,0x72,0x6f,0x6c,
  0x65,0x3d,0x22,0x69,0x6d,0x67,0x22,0x20,0x61,0x72,0x69,0x61,0x2d,0x6c,0x61,0x62,
  0x65,0x6c,0x3d,0x22,0x53,0x63,0x6f,0x72,0x70,0x69,0x6f,0x22,0x3e,0xd,0xa,0x20,
  0x20,0x3c,0x70,0x61,0x74,0x68,0x20,0x66,0x69,0x6c,0x6c,0x3d,0x22,0x63,0x75,0x72,
  0x72,0x65,0x6e,0x74,0x43,0x6f,0x6c,0x6f,0x72,0x22,0x20,0x64,0x3d,0x22,0x4d,0x31,
  0x32,0x38,0x30,0x20,0x32,0x37,0x31,0x51,0x31,0x32,0x38,0x30,0x20,0x31,0x36,0x30,
  0x20,0x31,0x33,0x33,0x31,0x2e,0x35,0x20,0x39,0x37,0x2e,0x35,0x51,0x31,0x33,0x38,
  0x33,0x20,0x33,0x35,0x20,0x31,0x34,0x37,0x32,0x20,0x33,0x34,0x48,0x31,0x35,0x36,
  0x31,0x56,0x31,0x35,0x32,0x48,0x31,0x35,0x36,0x35,0x4c,0x31,0x37,0x36,0x38,0x20,
  0x2d,0x32,0x31,0x4c,0x31,0x35,0x36,0x35,0x20,0x2d,0x31,0x39,0x36,0x4c,0x31,0x35,
  0x36,0x31,0x20,0x2d,0x31,0x39,0x32,0x56,0x2d,0x37,0x34,0x48,0x31,0x34,0x37,0x32,
  0x51,0x31,0x32,0x36,0x39,0x20,0x2d,0x37,0x34,0x20,0x31,0x32,0x30,0x31,0x20,0x34,
  0x36,0x51,0x31,0x31,0x35,0x37,0x20,0x31,0x32,0x30,0x20,0x31,0x31,0x34,0x39,0x20,
  0x32,0x33,0x38,0x4c,0x31,0x31,0x32,0x38,0x20,0x31,0x30,0x32,0x38,0x51,0x31,0x31,
  0x32,0x38,0x20,0x31,0x30,0x34,0x36,0x20,0x31,0x31,0x32,0x38,0x20,0x31,0x30,0x36,
  0x33,0x51,0x31,0x31,0x32,0x38,0x20,0x31,0x33,0x34,0x34,0x20,0x31,0x30,0x38,0x32,
  0x20,0x31,0x33,0x34,0x35,0x51,0x31,0x30,0x32,0x34,0x20,0x31,0x33,0x34,0x34,0x20,
  0x39,0x35,0x37,0x2e,0x35,0x20,0x31,0x32,0x33,0x35,0x2e,0x35,0x51,0x38,0x39,0x31,
  0x20,0x31,0x31,0x32,0x37,0x20,0x38,0x32,0x38,0x20,0x39,0x32,0x37,0x56,0x30,0x48,
  0x36,0x37,0x37,0x56,0x39,0x32,0x32,0x51,0x36,0x37,0x37,0x20,0x31,0x32,0x34,0x33,
  0x20,0x36,0x36,0x31,0x2e,0x35,0x20,0x31,0x32,0x39,0x36,0x2e,0x30,0x51,0x36,0x34,
  0x36,0x20,0x31,0x33,0x34,0x39,0x20,0x36,0x31,0x31,0x20,0x31,0x33,0x34,0x39,0x51,
  0x36,0x31,0x31,0x20,0x31,0x33,0x34,0x39,0x20,0x36,0x31,0x30,0x20,0x31,0x33,0x34,
  0x39,0x51,0x36,0x31,0x30,0x20,0x31,0x33,0x34,0x39,0x20,0x36,0x30,0x39,0x20,0x31,
  0x33,0x34,0x39,0x51,0x35,0x36,0x38,0x20,0x31,0x33,0x34,0x39,0x20,0x34,0x37,0x38,
  0x2e,0x35,0x20,0x31,0x32,0x33,0x36,0x2e,0x30,0x51,0x33,0x38,0x39,0x20,0x31,0x31,
  0x32,0x33,0x20,0x33,0x37,0x30,0x20,0x39,0x30,0x38,0x56,0x30,0x48,0x32,0x32,0x31,
  0x56,0x31,0x30,0x38,0x39,0x51,0x32,0x32,0x31,0x20,0x31,0x32,0x37,0x39,0x20,0x36,
  0x39,0x20,0x31,0x34,0x37,0x30,0x48,0x32,0x31,0x31,0x51,0x33,0x32,0x39,0x20,0x31,
  0x33,0x39,0x31,0x20,0x33,0x36,0x35,0x20,0x31,0x32,0x31,0x35,0x51,0x33,0x38,0x38,
  0x20,0x31,0x33,0x30,0x38,0x20,0x34,0x37,0x39,0x2e,0x35,0x20,0x31,0x34,0x30,0x32,
  0x2e,0x30,0x51,0x35,0x37,0x31,0x20,0x31,0x34,0x39,0x36,0x20,0x36,0x34,0x30,0x20,
  0x31,0x34,0x39,0x36,0x51,0x37,0x30,0x33,0x20,0x31,0x34,0x39,0x36,0x20,0x37,0x36,
  0x32,0x2e,0x35,0x20,0x31,0x33,0x39,0x37,0x2e,0x30,0x51,0x38,0x32,0x32,0x20,0x31,
  0x32,0x39,0x38,0x20,0x38,0x32,0x32,0x20,0x31,0x31,0x37,0x30,0x51,0x38,0x36,0x32,
  0x20,0x31,0x32,0x38,0x39,0x20,0x39,0x36,0x31,0x2e,0x30,0x20,0x31,0x33,0x39,0x32,
  0x2e,0x35,0x51,0x31,0x30,0x36,0x30,0x20,0x31,0x34,0x39,0x36,0x20,0x31,0x31,0x33,
  0x35,0x20,0x31,0x34,0x39,0x36,0x51,0x31,0x31,0x39,0x37,0x20,0x31,0x34,0x39,0x36,
  0x20,0x31,0x32,0x33,0x38,0x2e,0x30,0x20,0x31,0x34,0x31,0x32,0x2e,0x35,0x51,0x31,
  0x32,0x37,0x39,0x20,0x31,0x33,0x32,0x39,0x20,0x31,0x32,0x37,0x39,0x20,0x31,0x31,
  0x31,0x30,0x56,0x39,0x30,0x38,0x4c,0x31,0x32,0x38,0x30,0x20,0x32,0x37,0x32,0x5a,
  0x22,0x20,0x74,0x72,0x61,0x6e,0x73,0x66,0x6f,0x72,0x6d,0x3d,0x22,0x74,0x72,0x61,
  0x6e,0x73,0x6c,0x61,0x74,0x65,0x28,0x31,0x33,0x2e,0x38,0x30,0x35,0x37,0x36,0x38,
  0x20,0x34,0x32,0x37,0x2e,0x33,0x39,0x34,0x39,0x33,0x38,0x29,0x20,0x73,0x63,0x61,
  0x6c,0x65,0x28,0x30,0x2e,0x32,0x36,0x33,0x36,0x38,0x35,0x20,0x2d,0x30,0x2e,0x32,
  0x36,0x33,0x36,0x38,0x35,0x29,0x22,0x2f,0x3e,0xd,0xa,0x3c,0x2f,0x73,0x76,0x67,
  0x3e,0xd,0xa,
    // virgo.svg
  0x0,0x0,0x3,0xd4,
  0x3c,
  0x73,0x76,0x67,0x20,0x78,0x6d,0x6c,0x6e,0x73,0x3d,0x22,0x68,0x74,0x74,0x70,0x3a,
  0x2f,0x2f,0x77,0x77,0x77,0x2e,0x77,0x33,0x2e,0x6f,0x72,0x67,0x2f,0x32,0x30,0x30,
  0x30,0x2f,0x73,0x76,0x67,0x22,0x20,0x76,0x69,0x65,0x77,0x42,0x6f,0x78,0x3d,0x22,
  0x30,0x20,0x30,0x20,0x35,0x31,0x32,0x20,0x35,0x31,0x32,0x22,0x20,0x72,0x6f,0x6c,
  0x65,0x3d,0x22,0x69,0x6d,0x67,0x22,0x20,0x61,0x72,0x69,0x61,0x2d,0x6c,0x61,0x62,
  0x65,0x6c,0x3d,0x22,0x56,0x69,0x72,0x67,0x6f,0x22,0x3e,0xd,0xa,0x20,0x20,0x3c,
  0x70,0x61,0x74,0x68,0x20,0x66,0x69,0x6c,0x6c,0x3d,0x22,0x63,0x75,0x72,0x72,0x65,
  0x6e,0x74,0x43,0x6f,0x6c,0x6f,0x72,0x22,0x20,0x64,0x3d,0x22,0x4d,0x36,0x38,0x30,
  0x20,0x31,0x34,0x39,0x36,0x51,0x37,0x34,0x33,0x20,0x31,0x34,0x39,0x36,0x20,0x38,
  0x30,0x32,0x2e,0x35,0x20,0x31,0x33,0x39,0x37,0x2e,0x30,0x51,0x38,0x36,0x32,0x20,
  0x31,0x32,0x39,0x38,0x20,0x38,0x36,0x32,0x20,0x31,0x31,0x37,0x30,0x51,0x39,0x30,
  0x32,0x20,0x31,0x32,0x38,0x39,0x20,0x31,0x30,0x30,0x31,0x2e,0x30,0x20,0x31,0x33,
  0x39,0x32,0x2e,0x35,0x51,0x31,0x31,0x30,0x30,0x20,0x31,0x34,0x39,0x36,0x20,0x31,
  0x31,0x37,0x35,0x20,0x31,0x34,0x39,0x36,0x51,0x31,0x32,0x33,0x37,0x20,0x31,0x34,
  0x39,0x36,0x20,0x31,0x32,0x37,0x38,0x2e,0x30,0x20,0x31,0x34,0x31,0x32,0x2e,0x35,
  0x51,0x31,0x33,0x31,0x39,0x20,0x31,0x33,0x32,0x39,0x20,0x31,0x33,0x31,0x39,0x20,
  0x31,0x31,0x31,0x30,0x56,0x39,0x30,0x38,0x51,0x31,0x33,0x36,0x37,0x20,0x31,0x30,
  0x33,0x33,0x20,0x31,0x34,0x33,0x32,0x2e,0x35,0x20,0x31,0x30,0x39,0x32,0x2e,0x35,
  0x51,0x31,0x34,0x39,0x38,0x20,0x31,0x31,0x35,0x32,0x20,0x31,0x35,0x36,0x36,0x20,
  0x31,0x31,0x35,0x32,0x51,0x31,0x36,0x32,0x36,0x20,0x31,0x31,0x35,0x32,0x20,0x31,
  0x36,0x37,0x36,0x2e,0x30,0x20,0x31,0x30,0x33,0x36,0x2e,0x30,0x51,0x31,0x37,0x32,
  0x36,0x20,0x39,0x32,0x30,0x20,0x31,0x37,0x32,0x36,0x20,0x36,0x34,0x37,0x51,0x31,
  0x37,0x32,0x36,0x20,0x32,0x33,0x39,0x20,0x31,0x33,0x34,0x35,0x20,0x2d,0x38,0x32,
  0x51,0x31,0x33,0x34,0x36,0x20,0x2d,0x31,0x37,0x36,0x20,0x31,0x34,0x39,0x32,0x20,
  0x2d,0x33,0x36,0x39,0x48,0x31,0x33,0x32,0x34,0x51,0x31,0x32,0x37,0x38,0x20,0x2d,
  0x33,0x32,0x38,0x20,0x31,0x32,0x30,0x34,0x20,0x2d,0x31,0x36,0x37,0x51,0x31,0x30,
  0x33,0x37,0x20,0x2d,0x32,0x36,0x38,0x20,0x38,0x36,0x32,0x20,0x2d,0x32,0x37,0x35,
  0x56,0x2d,0x31,0x35,0x39,0x51,0x31,0x30,0x35,0x33,0x20,0x2d,0x31,0x33,0x31,0x20,
  0x31,0x31,0x37,0x37,0x20,0x2d,0x34,0x34,0x4c,0x31,0x31,0x36,0x38,0x20,0x31,0x37,
  0x33,0x56,0x31,0x30,0x32,0x38,0x51,0x31,0x31,0x36,0x38,0x20,0x31,0x30,0x34,0x36,
  0x20,0x31,0x31,0x36,0x38,0x20,0x31,0x30,0x36,0x33,0x51,0x31,0x31,0x36,0x38,0x20,
  0x31,0x33,0x34,0x34,0x20,0x31,0x31,0x32,0x32,0x20,0x31,0x33,0x34,0x35,0x51,0x31,
  0x30,0x36,0x34,0x20,0x31,0x33,0x34,0x34,0x20,0x39,0x39,0x37,0x2e,0x35,0x20,0x31,
  0x32,0x33,0x35,0x2e,0x35,0x51,0x39,0x33,0x31,0x20,0x31,0x31,0x32,0x37,0x20,0x38,
  0x36,0x38,0x20,0x39,0x32,0x37,0x56,0x30,0x48,0x37,0x31,0x37,0x56,0x39,0x32,0x32,
  0x51,0x37,0x31,0x37,0x20,0x31,0x32,0x34,0x33,0x20,0x37,0x30,0x31,0x2e,0x35,0x20,
  0x31,0x32,0x39,0x36,0x2e,0x30,0x51,0x36,0x38,0x36,0x20,0x31,0x33,0x34,0x39,0x20,
  0x36,0x35,0x31,0x20,0x31,0x33,0x34,0x39,0x51,0x36,0x35,0x31,0x20,0x31,0x33,0x34,
  0x39,0x20,0x36,0x35,0x30,0x20,0x31,0x33,0x34,0x39,0x51,0x36,0x35,0x30,0x20,0x31,
  0x33,0x34,0x39,0x20,0x36,0x34,0x39,0x20,0x31,0x33,0x34,0x39,0x51,0x36,0x30,0x38,
  0x20,0x31,0x33,0x34,0x39,0x20,0x35,0x31,0x38,0x2e,0x35,0x20,0x31,0x32,0x33,0x36,
  0x2e,0x30,0x51,0x34,0x32,0x39,0x20,0x31,0x31,0x32,0x33,0x20,0x34,0x31,0x30,0x20,
  0x39,0x30,0x38,0x56,0x30,0x48,0x32,0x36,0x31,0x56,0x31,0x30,0x38,0x39,0x51,0x32,
  0x36,0x31,0x20,0x31,0x32,0x37,0x39,0x20,0x31,0x30,0x39,0x20,0x31,0x34,0x37,0x30,
  0x48,0x32,0x35,0x31,0x51,0x33,0x36,0x39,0x20,0x31,0x33,0x39,0x31,0x20,0x34,0x30,
  0x35,0x20,0x31,0x32,0x31,0x35,0x51,0x34,0x32,0x38,0x20,0x31,0x33,0x30,0x38,0x20,
  0x35,0x31,0x39,0x2e,0x35,0x20,0x31,0x34,0x30,0x32,0x2e,0x30,0x51,0x36,0x31,0x31,
  0x20,0x31,0x34,0x39,0x36,0x20,0x36,0x38,0x30,0x20,0x31,0x34,0x39,0x36,0x5a,0x4d,
  0x31,0x33,0x31,0x39,0x20,0x36,0x31,0x38,0x56,0x35,0x38,0x51,0x31,0x35,0x37,0x37,
  0x20,0x33,0x30,0x38,0x20,0x31,0x36,0x30,0x31,0x20,0x36,0x34,0x36,0x51,0x31,0x36,
  0x30,0x31,0x20,0x38,0x33,0x39,0x20,0x31,0x35,0x37,0x38,0x2e,0x35,0x20,0x39,0x30,
  0x38,0x2e,0x35,0x51,0x31,0x35,0x35,0x36,0x20,0x39,0x37,0x38,0x20,0x31,0x35,0x32,
  0x38,0x20,0x39,0x37,0x38,0x51,0x31,0x35,0x32,0x38,0x20,0x39,0x37,0x38,0x20,0x31,
  0x35,0x32,0x34,0x20,0x39,0x37,0x38,0x51,0x31,0x34,0x39,0x34,0x20,0x39,0x37,0x38,
  0x20,0x31,0x34,0x32,0x32,0x2e,0x35,0x20,0x38,0x37,0x35,0x2e,0x30,0x51,0x31,0x33,
  0x35,0x31,0x20,0x37,0x37,0x32,0x20,0x31,0x33,0x31,0x39,0x20,0x36,0x31,0x38,0x5a,
  0x22,0x20,0x74,0x72,0x61,0x6e,0x73,0x66,0x6f,0x72,0x6d,0x3d,0x22,0x74,0x72,0x61,
  0x6e,0x73,0x6c,0x61,0x74,0x65,0x28,0x33,0x35,0x2e,0x36,0x30,0x33,0x32,0x31,0x37,
  0x20,0x33,0x39,0x31,0x2e,0x33,0x36,0x30,0x38,0x35,0x38,0x29,0x20,0x73,0x63,0x61,
  0x6c,0x65,0x28,0x30,0x2e,0x32,0x34,0x30,0x32,0x31,0x34,0x20,0x2d,0x30,0x2e,0x32,
  0x34,0x30,0x32,0x31,0x34,0x29,0x22,0x2f,0x3e,0xd,0xa,0x3c,0x2f,0x73,0x76,0x67,
  0x3e,0xd,0xa,
    // libra.svg
  0x0,0x0,0x2,0x22,
  0x3c,
  0x73,0x76,0x67,0x20,0x78,0x6d,0x6c,0x6e,0x73,0x3d,0x22,0x68,0x74,0x74,0x70,0x3a,
  0x2f,0x2f,0x77,0x77,0x77,0x2e,0x77,0x33,0x2e,0x6f,0x72,0x67,0x2f,0x32,0x30,0x30,
  0x30,0x2f,0x73,0x76,0x67,0x22,0x20,0x76,0x69,0x65,0x77,0x42,0x6f,0x78,0x3d,0x22,
  0x30,0x20,0x30,0x20,0x35,0x31,0x32,0x20,0x35,0x31,0x32,0x22,0x20,0x72,0x6f,0x6c,
  0x65,0x3d,0x22,0x69,0x6d,0x67,0x22,0x20,0x61,0x72,0x69,0x61,0x2d,0x6c,0x61,0x62,
  0x65,0x6c,0x3d,0x22,0x4c,0x69,0x62,0x72,0x61,0x22,0x3e,0xd,0xa,0x20,0x20,0x3c,
  0x70,0x61,0x74,0x68,0x20,0x66,0x69,0x6c,0x6c,0x3d,0x22,0x63,0x75,0x72,0x72,0x65,
  0x6e,0x74,0x43,0x6f,0x6c,0x6f,0x72,0x22,0x20,0x64,0x3d,0x22,0x4d,0x31,0x37,0x31,
  0x20,0x32,0x35,0x39,0x48,0x31,0x36,0x36,0x35,0x56,0x31,0x30,0x37,0x48,0x31,0x37,
  0x31,0x5a,0x4d,0x37,0x32,0x38,0x20,0x35,0x30,0x36,0x48,0x31,0x37,0x31,0x56,0x36,
  0x35,0x38,0x48,0x35,0x32,0x35,0x51,0x34,0x35,0x38,0x20,0x37,0x36,0x32,0x20,0x34,
  0x35,0x38,0x20,0x38,0x39,0x33,0x51,0x34,0x35,0x38,0x20,0x31,0x30,0x37,0x38,0x20,
  0x35,0x38,0x36,0x2e,0x35,0x20,0x31,0x32,0x30,0x37,0x2e,0x35,0x51,0x37,0x31,0x35,
  0x20,0x31,0x33,0x33,0x37,0x20,0x39,0x30,0x30,0x20,0x31,0x33,0x33,0x37,0x51,0x31,
  0x30,0x38,0x36,0x20,0x31,0x33,0x33,0x37,0x20,0x31,0x32,0x31,0x35,0x2e,0x35,0x20,
  0x31,0x32,0x30,0x37,0x2e,0x35,0x51,0x31,0x33,0x34,0x35,0x20,0x31,0x30,0x37,0x38,
  0x20,0x31,0x33,0x34,0x35,0x20,0x38,0x39,0x33,0x51,0x31,0x33,0x34,0x35,0x20,0x37,
  0x36,0x32,0x20,0x31,0x32,0x37,0x37,0x20,0x36,0x35,0x38,0x48,0x31,0x36,0x36,0x35,
  0x56,0x35,0x30,0x36,0x48,0x31,0x30,0x37,0x32,0x56,0x36,0x35,0x38,0x48,0x31,0x30,
  0x37,0x31,0x51,0x31,0x30,0x38,0x39,0x20,0x36,0x37,0x31,0x20,0x31,0x31,0x30,0x36,
  0x20,0x36,0x38,0x38,0x51,0x31,0x31,0x39,0x32,0x20,0x37,0x37,0x33,0x20,0x31,0x31,
  0x39,0x32,0x20,0x38,0x39,0x34,0x51,0x31,0x31,0x39,0x32,0x20,0x31,0x30,0x31,0x36,
  0x20,0x31,0x31,0x30,0x37,0x2e,0x30,0x20,0x31,0x31,0x30,0x31,0x2e,0x30,0x51,0x31,
  0x30,0x32,0x32,0x20,0x31,0x31,0x38,0x36,0x20,0x39,0x30,0x30,0x2e,0x30,0x20,0x31,
  0x31,0x38,0x36,0x2e,0x30,0x51,0x37,0x37,0x38,0x20,0x31,0x31,0x38,0x36,0x20,0x36,
  0x39,0x33,0x2e,0x30,0x20,0x31,0x31,0x30,0x31,0x2e,0x30,0x51,0x36,0x30,0x38,0x20,
  0x31,0x30,0x31,0x36,0x20,0x36,0x30,0x38,0x20,0x38,0x39,0x34,0x51,0x36,0x30,0x38,
  0x20,0x37,0x37,0x33,0x20,0x36,0x39,0x33,0x20,0x36,0x38,0x38,0x51,0x37,0x30,0x39,
  0x20,0x36,0x37,0x31,0x20,0x37,0x32,0x38,0x20,0x36,0x35,0x38,0x5a,0x22,0x20,0x74,
  0x72,0x61,0x6e,0x73,0x66,0x6f,0x72,0x6d,0x3d,0x22,0x74,0x72,0x61,0x6e,0x73,0x6c,
  0x61,0x74,0x65,0x28,0x2d,0x31,0x39,0x2e,0x32,0x37,0x37,0x31,0x30,0x38,0x20,0x34,
  0x37,0x32,0x2e,0x35,0x30,0x33,0x33,0x34,0x37,0x29,0x20,0x73,0x63,0x61,0x6c,0x65,
  0x28,0x30,0x2e,0x32,0x39,0x39,0x38,0x36,0x36,0x20,0x2d,0x30,0x2e,0x32,0x39,0x39,
  0x38,0x36,0x36,0x29,0x22,0x2f,0x3e,0xd,0xa,0x3c,0x2f,0x73,0x76,0x67,0x3e,0xd,
  0xa,
    // gemini.svg
  0x0,0x0,0x1,0xd6,
  0x3c,
  0x73,0x76,0x67,0x20,0x78,0x6d,0x6c,0x6e,0x73,0x3d,0x22,0x68,0x74,0x74,0x70,0x3a,
  0x2f,0x2f,0x77,0x77,0x77,0x2e,0x77,0x33,0x2e,0x6f,0x72,0x67,0x2f,0x32,0x30,0x30,
  0x30,0x2f,0x73,0x76,0x67,0x22,0x20,0x76,0x69,0x65,0x77,0x42,0x6f,0x78,0x3d,0x22,
  0x30,0x20,0x30,0x20,0x35,0x31,0x32,0x20,0x35,0x31,0x32,0x22,0x20,0x72,0x6f,0x6c,
  0x65,0x3d,0x22,0x69,0x6d,0x67,0x22,0x20,0x61,0x72,0x69,0x61,0x2d,0x6c,0x61,0x62,
  0x65,0x6c,0x3d,0x22,0x47,0x65,0x6d,0x69,0x6e,0x69,0x22,0x3e,0xd,0xa,0x20,0x20,
  0x3c,0x70,0x61,0x74,0x68,0x20,0x66,0x69,0x6c,0x6c,0x3d,0x22,0x63,0x75,0x72,0x72,
  0x65,0x6e,0x74,0x43,0x6f,0x6c,0x6f,0x72,0x22,0x20,0x64,0x3d,0x22,0x4d,0x35,0x33,
  0x30,0x20,0x31,0x32,0x37,0x36,0x51,0x33,0x36,0x32,0x20,0x31,0x32,0x39,0x38,0x20,
  0x31,0x39,0x32,0x20,0x31,0x33,0x35,0x30,0x56,0x31,0x34,0x39,0x38,0x51,0x35,0x33,
  0x39,0x20,0x31,0x34,0x30,0x38,0x20,0x39,0x31,0x39,0x2e,0x30,0x20,0x31,0x34,0x30,
  0x38,0x2e,0x30,0x51,0x31,0x32,0x39,0x39,0x20,0x31,0x34,0x30,0x38,0x20,0x31,0x36,
  0x34,0x32,0x20,0x31,0x34,0x39,0x38,0x56,0x31,0x33,0x34,0x37,0x51,0x31,0x34,0x36,
  0x36,0x20,0x31,0x33,0x30,0x30,0x20,0x31,0x33,0x30,0x30,0x20,0x31,0x32,0x37,0x36,
  0x56,0x32,0x32,0x32,0x51,0x31,0x34,0x36,0x36,0x20,0x31,0x39,0x39,0x20,0x31,0x36,
  0x34,0x32,0x20,0x31,0x35,0x32,0x56,0x30,0x51,0x31,0x32,0x39,0x39,0x20,0x39,0x31,
  0x20,0x39,0x31,0x39,0x2e,0x30,0x20,0x39,0x31,0x2e,0x30,0x51,0x35,0x33,0x39,0x20,
  0x39,0x31,0x20,0x31,0x39,0x32,0x20,0x30,0x56,0x31,0x34,0x38,0x51,0x33,0x36,0x32,
  0x20,0x32,0x30,0x31,0x20,0x35,0x33,0x30,0x20,0x32,0x32,0x32,0x5a,0x4d,0x36,0x38,
  0x32,0x20,0x32,0x33,0x34,0x51,0x37,0x39,0x38,0x20,0x32,0x34,0x37,0x20,0x39,0x31,
  0x35,0x20,0x32,0x34,0x37,0x51,0x39,0x31,0x35,0x20,0x32,0x34,0x37,0x20,0x31,0x31,
  0x34,0x38,0x20,0x32,0x33,0x34,0x56,0x31,0x32,0x36,0x35,0x51,0x31,0x30,0x33,0x32,
  0x20,0x31,0x32,0x35,0x32,0x20,0x39,0x31,0x35,0x20,0x31,0x32,0x35,0x32,0x51,0x39,
  0x31,0x35,0x20,0x31,0x32,0x35,0x32,0x20,0x36,0x38,0x32,0x20,0x31,0x32,0x36,0x35,
  0x5a,0x22,0x20,0x74,0x72,0x61,0x6e,0x73,0x66,0x6f,0x72,0x6d,0x3d,0x22,0x74,0x72,
  0x61,0x6e,0x73,0x6c,0x61,0x74,0x65,0x28,0x2d,0x31,0x38,0x2e,0x32,0x34,0x32,0x39,
  0x39,0x31,0x20,0x34,0x38,0x30,0x2e,0x30,0x30,0x30,0x30,0x30,0x30,0x29,0x20,0x73,
  0x63,0x61,0x6c,0x65,0x28,0x30,0x2e,0x32,0x39,0x39,0x30,0x36,0x35,0x20,0x2d,0x30,
  0x2e,0x32,0x39,0x39,0x30,0x36,0x35,0x29,0x22,0x2f,0x3e,0xd,0xa,0x3c,0x2f,0x73,
  0x76,0x67,0x3e,0xd,0xa,
    // sagittarius.svg
  0x0,0x0,0x1,0x71,
  0x3c,
  0x73,0x76,0x67,0x20,0x78,0x6d,0x6c,0x6e,0x73,0x3d,0x22,0x68,0x74,0x74,0x70,0x3a,
  0x2f,0x2f,0x77,0x77,0x77,0x2e,0x77,0x33,0x2e,0x6f,0x72,0x67,0x2f,0x32,0x30,0x30,
  0x30,0x2f,0x73,0x76,0x67,0x22,0x20,0x76,0x69,0x65,0x77,0x42,0x6f,0x78,0x3d,0x22,
  0x30,0x20,0x30,0x20,0x35,0x31,0x32,0x20,0x35,0x31,0x32,0x22,0x20,0x72,0x6f,0x6c,
  0x65,0x3d,0x22,0x69,0x6d,0x67,0x22,0x20,0x61,0x72,0x69,0x61,0x2d,0x6c,0x61,0x62,
  0x65,0x6c,0x3d,0x22,0x53,0x61,0x67,0x69,0x74,0x74,0x61,0x72,0x69,0x75,0x73,0x22,
  0x3e,0xd,0xa,0x20,0x20,0x3c,0x70,0x61,0x74,0x68,0x20,0x66,0x69,0x6c,0x6c,0x3d,
  0x22,0x63,0x75,0x72,0x72,0x65,0x6e,0x74,0x43,0x6f,0x6c,0x6f,0x72,0x22,0x20,0x64,
  0x3d,0x22,0x4d,0x31,0x35,0x31,0x34,0x20,0x37,0x32,0x38,0x56,0x31,0x32,0x33,0x36,
  0x4c,0x38,0x30,0x39,0x20,0x35,0x33,0x31,0x4c,0x31,0x31,0x32,0x36,0x20,0x32,0x31,
  0x34,0x4c,0x31,0x30,0x31,0x38,0x20,0x31,0x30,0x36,0x4c,0x37,0x30,0x31,0x20,0x34,
  0x32,0x33,0x4c,0x32,0x37,0x37,0x20,0x2d,0x31,0x4c,0x32,0x37,0x36,0x20,0x30,0x4c,
  0x31,0x37,0x30,0x20,0x31,0x30,0x36,0x4c,0x31,0x36,0x39,0x20,0x31,0x30,0x37,0x4c,
  0x35,0x39,0x33,0x20,0x35,0x33,0x31,0x4c,0x32,0x37,0x36,0x20,0x38,0x34,0x38,0x4c,
  0x32,0x37,0x37,0x20,0x38,0x34,0x39,0x4c,0x33,0x38,0x33,0x20,0x39,0x35,0x35,0x4c,
  0x33,0x38,0x34,0x20,0x39,0x35,0x36,0x4c,0x37,0x30,0x31,0x20,0x36,0x33,0x39,0x4c,
  0x31,0x34,0x30,0x36,0x20,0x31,0x33,0x34,0x34,0x48,0x38,0x39,0x38,0x56,0x31,0x34,
  0x39,0x36,0x48,0x31,0x36,0x36,0x36,0x56,0x37,0x32,0x38,0x5a,0x22,0x20,0x74,0x72,
  0x61,0x6e,0x73,0x66,0x6f,0x72,0x6d,0x3d,0x22,0x74,0x72,0x61,0x6e,0x73,0x6c,0x61,
  0x74,0x65,0x28,0x2d,0x31,0x38,0x2e,0x35,0x37,0x35,0x38,0x31,0x38,0x20,0x34,0x37,
  0x39,0x2e,0x37,0x30,0x30,0x37,0x33,0x35,0x29,0x20,0x73,0x63,0x61,0x6c,0x65,0x28,
  0x30,0x2e,0x32,0x39,0x39,0x32,0x36,0x35,0x20,0x2d,0x30,0x2e,0x32,0x39,0x39,0x32,
  0x36,0x35,0x29,0x22,0x2f,0x3e,0xd,0xa,0x3c,0x2f,0x73,0x76,0x67,0x3e,0xd,0xa,
  
    // leo.svg
  0x0,0x0,0x4,0x2f,
  0x3c,
  0x73,0x76,0x67,0x20,0x78,0x6d,0x6c,0x6e,0x73,0x3d,0x22,0x68,0x74,0x74,0x70,0x3a,
  0x2f,0x2f,0x77,0x77,0x77,0x2e,0x77,0x33,0x2e,0x6f,0x72,0x67,0x2f,0x32,0x30,0x30,
  0x30,0x2f,0x73,0x76,0x67,0x22,0x20,0x76,0x69,0x65,0x77,0x42,0x6f,0x78,0x3d,0x22,
  0x30,0x20,0x30,0x20,0x35,0x31,0x32,0x20,0x35,0x31,0x32,0x22,0x20,0x72,0x6f,0x6c,
  0x65,0x3d,0x22,0x69,0x6d,0x67,0x22,0x20,0x61,0x72,0x69,0x61,0x2d,0x6c,0x61,0x62,
  0x65,0x6c,0x3d,0x22,0x4c,0x65,0x6f,0x22,0x3e,0xd,0xa,0x20,0x20,0x3c,0x70,0x61,
  0x74,0x68,0x20,0x66,0x69,0x6c,0x6c,0x3d,0x22,0x63,0x75,0x72,0x72,0x65,0x6e,0x74,
  0x43,0x6f,0x6c,0x6f,0x72,0x22,0x20,0x64,0x3d,0x22,0x4d,0x36,0x36,0x30,0x20,0x33,
  0x39,0x36,0x51,0x37,0x33,0x35,0x20,0x34,0x32,0x35,0x20,0x37,0x36,0x30,0x2e,0x30,
  0x20,0x34,0x38,0x31,0x2e,0x35,0x51,0x37,0x38,0x35,0x20,0x35,0x33,0x38,0x20,0x37,
  0x38,0x35,0x20,0x35,0x37,0x37,0x51,0x37,0x38,0x35,0x20,0x36,0x31,0x32,0x20,0x37,
  0x37,0x31,0x20,0x36,0x34,0x37,0x51,0x37,0x34,0x32,0x20,0x37,0x32,0x32,0x20,0x36,
  0x38,0x35,0x2e,0x35,0x20,0x37,0x34,0x37,0x2e,0x30,0x51,0x36,0x32,0x39,0x20,0x37,
  0x37,0x32,0x20,0x35,0x39,0x30,0x20,0x37,0x37,0x32,0x51,0x35,0x35,0x34,0x20,0x37,
  0x37,0x32,0x20,0x35,0x31,0x39,0x20,0x37,0x35,0x38,0x51,0x34,0x34,0x34,0x20,0x37,
  0x32,0x38,0x20,0x34,0x31,0x39,0x2e,0x35,0x20,0x36,0x37,0x32,0x2e,0x35,0x51,0x33,
  0x39,0x35,0x20,0x36,0x31,0x37,0x20,0x33,0x39,0x35,0x20,0x35,0x37,0x38,0x51,0x33,
  0x39,0x35,0x20,0x35,0x34,0x33,0x20,0x34,0x30,0x39,0x20,0x35,0x30,0x37,0x51,0x34,
  0x33,0x39,0x20,0x34,0x33,0x31,0x20,0x34,0x39,0x34,0x2e,0x35,0x20,0x34,0x30,0x36,
  0x2e,0x35,0x51,0x35,0x35,0x30,0x20,0x33,0x38,0x32,0x20,0x35,0x38,0x39,0x20,0x33,
  0x38,0x32,0x51,0x36,0x32,0x34,0x20,0x33,0x38,0x32,0x20,0x36,0x36,0x30,0x20,0x33,
  0x39,0x36,0x5a,0x4d,0x36,0x37,0x32,0x20,0x31,0x31,0x33,0x34,0x51,0x36,0x37,0x32,
  0x20,0x31,0x32,0x39,0x35,0x20,0x37,0x38,0x33,0x2e,0x35,0x20,0x31,0x33,0x39,0x35,
  0x2e,0x35,0x51,0x38,0x39,0x35,0x20,0x31,0x34,0x39,0x36,0x20,0x31,0x30,0x37,0x35,
  0x20,0x31,0x34,0x39,0x36,0x51,0x31,0x32,0x34,0x37,0x20,0x31,0x34,0x39,0x36,0x20,
  0x31,0x33,0x35,0x36,0x2e,0x30,0x20,0x31,0x33,0x38,0x35,0x2e,0x35,0x51,0x31,0x34,
  0x36,0x35,0x20,0x31,0x32,0x37,0x35,0x20,0x31,0x34,0x36,0x35,0x20,0x31,0x30,0x39,
  0x39,0x51,0x31,0x34,0x36,0x35,0x20,0x39,0x31,0x32,0x20,0x31,0x33,0x32,0x30,0x2e,
  0x30,0x20,0x36,0x36,0x31,0x2e,0x30,0x51,0x31,0x31,0x37,0x35,0x20,0x34,0x31,0x30,
  0x20,0x31,0x31,0x37,0x35,0x20,0x32,0x33,0x30,0x51,0x31,0x31,0x37,0x39,0x20,0x31,
  0x30,0x36,0x20,0x31,0x33,0x31,0x33,0x20,0x31,0x30,0x33,0x51,0x31,0x33,0x38,0x34,
  0x20,0x31,0x30,0x33,0x20,0x31,0x34,0x38,0x34,0x20,0x31,0x39,0x31,0x4c,0x31,0x35,
  0x34,0x39,0x20,0x31,0x31,0x39,0x51,0x31,0x34,0x32,0x32,0x20,0x30,0x20,0x31,0x33,
  0x31,0x31,0x20,0x30,0x51,0x31,0x32,0x31,0x32,0x20,0x30,0x20,0x31,0x31,0x34,0x30,
  0x2e,0x30,0x20,0x36,0x30,0x2e,0x35,0x51,0x31,0x30,0x36,0x38,0x20,0x31,0x32,0x31,
  0x20,0x31,0x30,0x36,0x38,0x20,0x32,0x33,0x32,0x51,0x31,0x30,0x36,0x38,0x20,0x34,
  0x33,0x31,0x20,0x31,0x32,0x31,0x31,0x2e,0x35,0x20,0x36,0x37,0x31,0x2e,0x35,0x51,
  0x31,0x33,0x35,0x35,0x20,0x39,0x31,0x32,0x20,0x31,0x33,0x35,0x35,0x20,0x31,0x31,
  0x30,0x36,0x51,0x31,0x33,0x35,0x35,0x20,0x31,0x32,0x34,0x30,0x20,0x31,0x32,0x37,
  0x33,0x2e,0x30,0x20,0x31,0x33,0x32,0x32,0x2e,0x35,0x51,0x31,0x31,0x39,0x31,0x20,
  0x31,0x34,0x30,0x35,0x20,0x31,0x30,0x35,0x39,0x20,0x31,0x34,0x30,0x35,0x51,0x39,
  0x33,0x32,0x20,0x31,0x34,0x30,0x35,0x20,0x38,0x35,0x37,0x2e,0x30,0x20,0x31,0x33,
  0x32,0x37,0x2e,0x35,0x51,0x37,0x38,0x32,0x20,0x31,0x32,0x35,0x30,0x20,0x37,0x38,
  0x32,0x20,0x31,0x31,0x32,0x31,0x51,0x37,0x38,0x32,0x20,0x31,0x30,0x36,0x31,0x20,
  0x38,0x30,0x35,0x2e,0x30,0x20,0x39,0x38,0x38,0x2e,0x35,0x51,0x38,0x32,0x38,0x20,
  0x39,0x31,0x36,0x20,0x38,0x35,0x33,0x20,0x38,0x35,0x34,0x51,0x38,0x39,0x30,0x20,
  0x37,0x35,0x36,0x20,0x38,0x39,0x34,0x2e,0x35,0x20,0x36,0x39,0x32,0x2e,0x30,0x51,
  0x38,0x39,0x39,0x20,0x36,0x32,0x38,0x20,0x38,0x39,0x39,0x20,0x36,0x31,0x31,0x51,
  0x38,0x39,0x39,0x20,0x35,0x32,0x34,0x20,0x38,0x36,0x37,0x20,0x34,0x35,0x36,0x51,
  0x38,0x31,0x36,0x20,0x33,0x34,0x31,0x20,0x37,0x30,0x30,0x20,0x32,0x39,0x36,0x51,
  0x36,0x34,0x34,0x20,0x32,0x37,0x34,0x20,0x35,0x38,0x38,0x20,0x32,0x37,0x34,0x51,
  0x35,0x32,0x38,0x20,0x32,0x37,0x34,0x20,0x34,0x34,0x31,0x2e,0x35,0x20,0x33,0x31,
  0x31,0x2e,0x35,0x51,0x33,0x35,0x35,0x20,0x33,0x34,0x39,0x20,0x33,0x30,0x38,0x20,
  0x34,0x36,0x39,0x51,0x32,0x38,0x36,0x20,0x35,0x32,0x33,0x20,0x32,0x38,0x36,0x20,
  0x35,0x37,0x39,0x51,0x32,0x38,0x36,0x20,0x36,0x33,0x39,0x20,0x33,0x31,0x33,0x20,
  0x36,0x39,0x39,0x51,0x33,0x36,0x34,0x20,0x38,0x31,0x33,0x20,0x34,0x38,0x31,0x20,
  0x38,0x35,0x39,0x51,0x35,0x33,0x36,0x20,0x38,0x38,0x30,0x20,0x35,0x39,0x31,0x20,
  0x38,0x38,0x30,0x51,0x36,0x36,0x37,0x20,0x38,0x38,0x30,0x20,0x37,0x34,0x31,0x20,
  0x38,0x33,0x39,0x51,0x37,0x34,0x39,0x20,0x38,0x33,0x39,0x20,0x37,0x34,0x39,0x20,
  0x38,0x35,0x32,0x51,0x37,0x34,0x39,0x20,0x38,0x37,0x38,0x20,0x37,0x31,0x30,0x2e,
  0x35,0x20,0x39,0x37,0x30,0x2e,0x30,0x51,0x36,0x37,0x32,0x20,0x31,0x30,0x36,0x32,
  0x20,0x36,0x37,0x32,0x20,0x31,0x31,0x33,0x34,0x5a,0x22,0x20,0x74,0x72,0x61,0x6e,
  0x73,0x66,0x6f,0x72,0x6d,0x3d,0x22,0x74,0x72,0x61,0x6e,0x73,0x6c,0x61,0x74,0x65,
  0x28,0x2d,0x31,0x38,0x2e,0x37,0x35,0x39,0x33,0x35,0x38,0x20,0x34,0x38,0x30,0x2e,
  0x30,0x30,0x30,0x30,0x30,0x30,0x29,0x20,0x73,0x63,0x61,0x6c,0x65,0x28,0x30,0x2e,
  0x32,0x39,0x39,0x34,0x36,0x35,0x20,0x2d,0x30,0x2e,0x32,0x39,0x39,0x34,0x36,0x35,
  0x29,0x22,0x2f,0x3e,0xd,0xa,0x3c,0x2f,0x73,0x76,0x67,0x3e,0xd,0xa,
    // aquarius.svg
  0x0,0x0,0x4,0x3,
  0x3c,
  0x73,0x76,0x67,0x20,0x78,0x6d,0x6c,0x6e,0x73,0x3d,0x22,0x68,0x74,0x74,0x70,0x3a,
  0x2f,0x2f,0x77,0x77,0x77,0x2e,0x77,0x33,0x2e,0x6f,0x72,0x67,0x2f,0x32,0x30,0x30,
  0x30,0x2f,0x73,0x76,0x67,0x22,0x20,0x76,0x69,0x65,0x77,0x42,0x6f,0x78,0x3d,0x22,
  0x30,0x20,0x30,0x20,0x35,0x31,0x32,0x20,0x35,0x31,0x32,0x22,0x20,0x72,0x6f,0x6c,
  0x65,0x3d,0x22,0x69,0x6d,0x67,0x22,0x20,0x61,0x72,0x69,0x61,0x2d,0x6c,0x61,0x62,
  0x65,0x6c,0x3d,0x22,0x41,0x71,0x75,0x61,0x72,0x69,0x75,0x73,0x22,0x3e,0xd,0xa,
  0x20,0x20,0x3c,0x70,0x61,0x74,0x68,0x20,0x66,0x69,0x6c,0x6c,0x3d,0x22,0x63,0x75,
  0x72,0x72,0x65,0x6e,0x74,0x43,0x6f,0x6c,0x6f,0x72,0x22,0x20,0x64,0x3d,0x22,0x4d,
  0x31,0x37,0x36,0x20,0x34,0x31,0x33,0x51,0x35,0x30,0x31,0x20,0x36,0x38,0x34,0x20,
  0x36,0x31,0x36,0x20,0x36,0x38,0x34,0x51,0x36,0x36,0x31,0x20,0x36,0x38,0x34,0x20,
  0x36,0x37,0x34,0x20,0x36,0x34,0x34,0x51,0x36,0x39,0x38,0x20,0x35,0x37,0x33,0x20,
  0x37,0x35,0x34,0x2e,0x30,0x20,0x35,0x37,0x33,0x2e,0x30,0x51,0x38,0x31,0x30,0x20,
  0x35,0x37,0x33,0x20,0x38,0x39,0x36,0x2e,0x30,0x20,0x36,0x34,0x34,0x2e,0x30,0x51,
  0x39,0x38,0x32,0x20,0x37,0x31,0x35,0x20,0x31,0x30,0x33,0x38,0x20,0x37,0x31,0x35,
  0x51,0x31,0x30,0x39,0x32,0x20,0x37,0x31,0x35,0x20,0x31,0x31,0x31,0x36,0x20,0x36,
  0x34,0x34,0x51,0x31,0x31,0x34,0x32,0x20,0x35,0x37,0x33,0x20,0x31,0x31,0x39,0x39,
  0x2e,0x30,0x20,0x35,0x37,0x33,0x2e,0x30,0x51,0x31,0x32,0x35,0x36,0x20,0x35,0x37,
  0x33,0x20,0x31,0x33,0x34,0x32,0x20,0x36,0x34,0x34,0x51,0x31,0x33,0x38,0x35,0x20,
  0x36,0x38,0x30,0x20,0x31,0x34,0x32,0x36,0x20,0x36,0x38,0x30,0x51,0x31,0x35,0x35,
  0x30,0x20,0x36,0x38,0x30,0x20,0x31,0x36,0x35,0x39,0x20,0x33,0x36,0x34,0x4c,0x31,
  0x35,0x36,0x35,0x20,0x33,0x31,0x33,0x51,0x31,0x35,0x30,0x32,0x20,0x34,0x39,0x38,
  0x20,0x31,0x34,0x30,0x37,0x20,0x34,0x39,0x38,0x51,0x31,0x33,0x35,0x36,0x20,0x34,
  0x39,0x38,0x20,0x31,0x32,0x39,0x36,0x20,0x34,0x34,0x35,0x51,0x31,0x32,0x31,0x30,
  0x20,0x33,0x36,0x39,0x20,0x31,0x31,0x35,0x34,0x2e,0x30,0x20,0x33,0x36,0x39,0x2e,
  0x30,0x51,0x31,0x30,0x39,0x38,0x20,0x33,0x36,0x39,0x20,0x31,0x30,0x37,0x33,0x20,
  0x34,0x34,0x34,0x51,0x31,0x30,0x34,0x35,0x20,0x35,0x32,0x32,0x20,0x39,0x38,0x36,
  0x20,0x35,0x32,0x32,0x51,0x39,0x33,0x31,0x20,0x35,0x32,0x32,0x20,0x38,0x34,0x38,
  0x20,0x34,0x35,0x35,0x51,0x37,0x36,0x31,0x20,0x33,0x38,0x34,0x20,0x37,0x30,0x36,
  0x20,0x33,0x38,0x34,0x51,0x36,0x35,0x30,0x20,0x33,0x38,0x34,0x20,0x36,0x32,0x35,
  0x20,0x34,0x35,0x36,0x51,0x36,0x30,0x31,0x20,0x35,0x32,0x36,0x20,0x35,0x34,0x37,
  0x20,0x35,0x32,0x36,0x51,0x34,0x39,0x32,0x20,0x35,0x32,0x36,0x20,0x33,0x36,0x33,
  0x2e,0x30,0x20,0x34,0x31,0x39,0x2e,0x35,0x51,0x32,0x33,0x34,0x20,0x33,0x31,0x33,
  0x20,0x32,0x32,0x39,0x20,0x33,0x31,0x33,0x4c,0x31,0x37,0x36,0x20,0x34,0x31,0x31,
  0x5a,0x4d,0x31,0x37,0x36,0x20,0x38,0x38,0x34,0x51,0x35,0x30,0x30,0x20,0x31,0x31,
  0x35,0x33,0x20,0x36,0x31,0x36,0x20,0x31,0x31,0x35,0x33,0x51,0x36,0x36,0x30,0x20,
  0x31,0x31,0x35,0x33,0x20,0x36,0x37,0x34,0x20,0x31,0x31,0x31,0x34,0x51,0x36,0x39,
  0x38,0x20,0x31,0x30,0x34,0x34,0x20,0x37,0x35,0x34,0x20,0x31,0x30,0x34,0x34,0x51,
  0x38,0x30,0x39,0x20,0x31,0x30,0x34,0x34,0x20,0x38,0x39,0x35,0x20,0x31,0x31,0x31,
  0x34,0x51,0x39,0x38,0x32,0x20,0x31,0x31,0x38,0x36,0x20,0x31,0x30,0x33,0x37,0x2e,
  0x30,0x20,0x31,0x31,0x38,0x36,0x2e,0x30,0x51,0x31,0x30,0x39,0x32,0x20,0x31,0x31,
  0x38,0x36,0x20,0x31,0x31,0x31,0x35,0x20,0x31,0x31,0x31,0x34,0x51,0x31,0x31,0x34,
  0x32,0x20,0x31,0x30,0x34,0x34,0x20,0x31,0x31,0x39,0x38,0x20,0x31,0x30,0x34,0x34,
  0x51,0x31,0x32,0x35,0x35,0x20,0x31,0x30,0x34,0x34,0x20,0x31,0x33,0x34,0x31,0x20,
  0x31,0x31,0x31,0x34,0x51,0x31,0x33,0x38,0x34,0x20,0x31,0x31,0x34,0x39,0x20,0x31,
  0x34,0x32,0x35,0x20,0x31,0x31,0x34,0x39,0x51,0x31,0x35,0x35,0x30,0x20,0x31,0x31,
  0x34,0x39,0x20,0x31,0x36,0x35,0x39,0x20,0x38,0x33,0x34,0x4c,0x31,0x35,0x36,0x35,
  0x20,0x37,0x38,0x34,0x51,0x31,0x35,0x30,0x32,0x20,0x39,0x36,0x39,0x20,0x31,0x34,
  0x30,0x37,0x20,0x39,0x36,0x39,0x51,0x31,0x33,0x35,0x36,0x20,0x39,0x36,0x39,0x20,
  0x31,0x32,0x39,0x36,0x20,0x39,0x31,0x35,0x51,0x31,0x32,0x30,0x39,0x20,0x38,0x33,
  0x38,0x20,0x31,0x31,0x35,0x34,0x20,0x38,0x33,0x38,0x51,0x31,0x30,0x39,0x38,0x20,
  0x38,0x33,0x38,0x20,0x31,0x30,0x37,0x32,0x20,0x39,0x31,0x34,0x51,0x31,0x30,0x34,
  0x35,0x20,0x39,0x39,0x32,0x20,0x39,0x38,0x36,0x20,0x39,0x39,0x32,0x51,0x39,0x33,
  0x31,0x20,0x39,0x39,0x32,0x20,0x38,0x34,0x37,0x20,0x39,0x32,0x34,0x51,0x37,0x36,
  0x31,0x20,0x38,0x35,0x33,0x20,0x37,0x30,0x35,0x20,0x38,0x35,0x33,0x51,0x36,0x35,
  0x30,0x20,0x38,0x35,0x33,0x20,0x36,0x32,0x35,0x20,0x39,0x32,0x35,0x51,0x36,0x30,
  0x31,0x20,0x39,0x39,0x37,0x20,0x35,0x34,0x36,0x2e,0x30,0x20,0x39,0x39,0x37,0x2e,
  0x30,0x51,0x34,0x39,0x31,0x20,0x39,0x39,0x37,0x20,0x33,0x36,0x32,0x2e,0x35,0x20,
  0x38,0x39,0x30,0x2e,0x35,0x51,0x32,0x33,0x34,0x20,0x37,0x38,0x34,0x20,0x32,0x32,
  0x39,0x20,0x37,0x38,0x34,0x4c,0x31,0x37,0x36,0x20,0x38,0x38,0x31,0x5a,0x22,0x20,
  0x74,0x72,0x61,0x6e,0x73,0x66,0x6f,0x72,0x6d,0x3d,0x22,0x74,0x72,0x61,0x6e,0x73,
  0x6c,0x61,0x74,0x65,0x28,0x2d,0x32,0x31,0x2e,0x31,0x36,0x37,0x39,0x30,0x33,0x20,
  0x34,0x38,0x32,0x2e,0x34,0x31,0x36,0x37,0x32,0x33,0x29,0x20,0x73,0x63,0x61,0x6c,
  0x65,0x28,0x30,0x2e,0x33,0x30,0x32,0x30,0x39,0x30,0x20,0x2d,0x30,0x2e,0x33,0x30,
  0x32,0x30,0x39,0x30,0x29,0x22,0x2f,0x3e,0xd,0xa,0x3c,0x2f,0x73,0x76,0x67,0x3e,
  0xd,0xa,
    // pisces.svg
  0x0,0x0,0x1,0xb2,
  0x3c,
  0x73,0x76,0x67,0x20,0x78,0x6d,0x6c,0x6e,0x73,0x3d,0x22,0x68,0x74,0x74,0x70,0x3a,
  0x2f,0x2f,0x77,0x77,0x77,0x2e,0x77,0x33,0x2e,0x6f,0x72,0x67,0x2f,0x32,0x30,0x30,
  0x30,0x2f,0x73,0x76,0x67,0x22,0x20,0x76,0x69,0x65,0x77,0x42,0x6f,0x78,0x3d,0x22,
  0x30,0x20,0x30,0x20,0x35,0x31,0x32,0x20,0x35,0x31,0x32,0x22,0x20,0x72,0x6f,0x6c,
  0x65,0x3d,0x22,0x69,0x6d,0x67,0x22,0x20,0x61,0x72,0x69,0x61,0x2d,0x6c,0x61,0x62,
  0x65,0x6c,0x3d,0x22,0x50,0x69,0x73,0x63,0x65,0x73,0x22,0x3e,0xd,0xa,0x20,0x20,
  0x3c,0x70,0x61,0x74,0x68,0x20,0x66,0x69,0x6c,0x6c,0x3d,0x22,0x63,0x75,0x72,0x72,
  0x65,0x6e,0x74,0x43,0x6f,0x6c,0x6f,0x72,0x22,0x20,0x64,0x3d,0x22,0x4d,0x31,0x30,
  0x33,0x38,0x20,0x36,0x36,0x35,0x20,0x37,0x39,0x37,0x20,0x36,0x36,0x32,0x51,0x37,
  0x36,0x35,0x20,0x33,0x32,0x34,0x20,0x34,0x38,0x37,0x20,0x33,0x4c,0x33,0x32,0x32,
  0x20,0x30,0x51,0x36,0x32,0x39,0x20,0x33,0x35,0x31,0x20,0x36,0x35,0x36,0x20,0x36,
  0x36,0x32,0x48,0x33,0x36,0x30,0x56,0x38,0x33,0x34,0x48,0x36,0x35,0x36,0x51,0x36,
  0x32,0x38,0x20,0x31,0x31,0x34,0x34,0x20,0x33,0x32,0x31,0x20,0x31,0x34,0x39,0x36,
  0x4c,0x34,0x38,0x37,0x20,0x31,0x34,0x39,0x33,0x51,0x37,0x36,0x35,0x20,0x31,0x31,
  0x37,0x33,0x20,0x37,0x39,0x37,0x20,0x38,0x33,0x34,0x48,0x31,0x30,0x33,0x39,0x51,
  0x31,0x30,0x37,0x30,0x20,0x31,0x31,0x37,0x33,0x20,0x31,0x33,0x34,0x39,0x20,0x31,
  0x34,0x39,0x33,0x4c,0x31,0x35,0x31,0x34,0x20,0x31,0x34,0x39,0x36,0x51,0x31,0x32,
  0x30,0x37,0x20,0x31,0x31,0x34,0x34,0x20,0x31,0x31,0x38,0x30,0x20,0x38,0x33,0x34,
  0x48,0x31,0x34,0x37,0x35,0x4c,0x31,0x34,0x37,0x34,0x20,0x36,0x36,0x32,0x48,0x31,
  0x31,0x37,0x38,0x51,0x31,0x32,0x30,0x37,0x20,0x33,0x35,0x31,0x20,0x31,0x35,0x31,
  0x34,0x20,0x30,0x4c,0x31,0x33,0x34,0x38,0x20,0x33,0x51,0x31,0x30,0x36,0x39,0x20,
  0x33,0x32,0x34,0x20,0x31,0x30,0x33,0x38,0x20,0x36,0x36,0x32,0x5a,0x22,0x20,0x74,
  0x72,0x61,0x6e,0x73,0x66,0x6f,0x72,0x6d,0x3d,0x22,0x74,0x72,0x61,0x6e,0x73,0x6c,
  0x61,0x74,0x65,0x28,0x2d,0x31,0x38,0x2e,0x37,0x35,0x39,0x33,0x35,0x38,0x20,0x34,
  0x38,0x30,0x2e,0x30,0x30,0x30,0x30,0x30,0x30,0x29,0x20,0x73,0x63,0x61,0x6c,0x65,
  0x28,0x30,0x2e,0x32,0x39,0x39,0x34,0x36,0x35,0x20,0x2d,0x30,0x2e,0x32,0x39,0x39,
  0x34,0x36,0x35,0x29,0x22,0x2f,0x3e,0xd,0xa,0x3c,0x2f,0x73,0x76,0x67,0x3e,0xd,
  0xa,
    // capricorn.svg
  0x0,0x0,0x2,0xff,
  0x3c,
  0x73,0x76,0x67,0x20,0x78,0x6d,0x6c,0x6e,0x73,0x3d,0x22,0x68,0x74,0x74,0x70,0x3a,
  0x2f,0x2f,0x77,0x77,0x77,0x2e,0x77,0x33,0x2e,0x6f,0x72,0x67,0x2f,0x32,0x30,0x30,
  0x30,0x2f,0x73,0x76,0x67,0x22,0x20,0x76,0x69,0x65,0x77,0x42,0x6f,0x78,0x3d,0x22,
  0x30,0x20,0x30,0x20,0x35,0x31,0x32,0x20,0x35,0x31,0x32,0x22,0x20,0x72,0x6f,0x6c,
  0x65,0x3d,0x22,0x69,0x6d,0x67,0x22,0x20,0x61,0x72,0x69,0x61,0x2d,0x6c,0x61,0x62,
  0x65,0x6c,0x3d,0x22,0x43,0x61,0x70,0x72,0x69,0x63,0x6f,0x72,0x6e,0x22,0x3e,0xd,
  0xa,0x20,0x20,0x3c,0x70,0x61,0x74,0x68,0x20,0x66,0x69,0x6c,0x6c,0x3d,0x22,0x63,
  0x75,0x72,0x72,0x65,0x6e,0x74,0x43,0x6f,0x6c,0x6f,0x72,0x22,0x20,0x64,0x3d,0x22,
  0x4d,0x38,0x35,0x31,0x20,0x31,0x34,0x39,0x36,0x51,0x39,0x35,0x38,0x20,0x31,0x34,
  0x39,0x36,0x20,0x39,0x39,0x38,0x2e,0x35,0x20,0x31,0x30,0x36,0x33,0x2e,0x30,0x51,
  0x31,0x30,0x33,0x39,0x20,0x36,0x33,0x30,0x20,0x31,0x30,0x36,0x34,0x20,0x36,0x33,
  0x34,0x51,0x31,0x31,0x37,0x33,0x20,0x38,0x35,0x35,0x20,0x31,0x33,0x36,0x38,0x20,
  0x38,0x35,0x35,0x51,0x31,0x34,0x38,0x39,0x20,0x38,0x35,0x35,0x20,0x31,0x35,0x36,
  0x35,0x2e,0x35,0x20,0x37,0x36,0x30,0x2e,0x30,0x51,0x31,0x36,0x34,0x32,0x20,0x36,
  0x36,0x35,0x20,0x31,0x36,0x34,0x32,0x20,0x35,0x36,0x32,0x51,0x31,0x36,0x34,0x32,
  0x20,0x34,0x31,0x37,0x20,0x31,0x35,0x37,0x30,0x2e,0x35,0x20,0x33,0x33,0x31,0x2e,
  0x35,0x51,0x31,0x34,0x39,0x39,0x20,0x32,0x34,0x36,0x20,0x31,0x33,0x35,0x37,0x20,
  0x32,0x34,0x36,0x51,0x31,0x32,0x30,0x32,0x20,0x32,0x34,0x36,0x20,0x31,0x30,0x38,
  0x30,0x20,0x33,0x37,0x39,0x51,0x31,0x30,0x33,0x36,0x20,0x32,0x31,0x39,0x20,0x39,
  0x37,0x33,0x2e,0x30,0x20,0x31,0x31,0x31,0x2e,0x35,0x51,0x39,0x31,0x30,0x20,0x34,
  0x20,0x37,0x37,0x32,0x20,0x30,0x48,0x36,0x30,0x34,0x56,0x31,0x31,0x38,0x4c,0x37,
  0x35,0x38,0x20,0x31,0x31,0x39,0x51,0x38,0x38,0x30,0x20,0x31,0x32,0x33,0x20,0x39,
  0x38,0x35,0x20,0x34,0x39,0x39,0x51,0x39,0x33,0x35,0x20,0x35,0x31,0x35,0x20,0x39,
  0x30,0x33,0x2e,0x30,0x20,0x39,0x30,0x39,0x2e,0x35,0x51,0x38,0x37,0x31,0x20,0x31,
  0x33,0x30,0x34,0x20,0x38,0x31,0x33,0x20,0x31,0x33,0x30,0x34,0x51,0x37,0x37,0x37,
  0x20,0x31,0x33,0x30,0x34,0x20,0x37,0x30,0x30,0x2e,0x30,0x20,0x31,0x30,0x37,0x30,
  0x2e,0x35,0x51,0x36,0x32,0x33,0x20,0x38,0x33,0x37,0x20,0x36,0x32,0x33,0x20,0x36,
  0x34,0x32,0x51,0x36,0x32,0x33,0x20,0x36,0x32,0x37,0x20,0x36,0x32,0x33,0x20,0x36,
  0x31,0x33,0x4c,0x34,0x36,0x35,0x20,0x36,0x31,0x31,0x51,0x34,0x36,0x35,0x20,0x38,
  0x36,0x34,0x20,0x33,0x39,0x34,0x2e,0x35,0x20,0x31,0x31,0x31,0x32,0x2e,0x30,0x51,
  0x33,0x32,0x34,0x20,0x31,0x33,0x36,0x30,0x20,0x31,0x39,0x32,0x20,0x31,0x33,0x36,
  0x36,0x56,0x31,0x34,0x36,0x33,0x51,0x33,0x33,0x39,0x20,0x31,0x34,0x36,0x33,0x20,
  0x34,0x31,0x39,0x2e,0x35,0x20,0x31,0x33,0x35,0x32,0x2e,0x30,0x51,0x35,0x30,0x30,
  0x20,0x31,0x32,0x34,0x31,0x20,0x35,0x34,0x30,0x20,0x39,0x36,0x36,0x51,0x35,0x38,
  0x36,0x20,0x31,0x31,0x36,0x37,0x20,0x36,0x33,0x31,0x20,0x31,0x32,0x35,0x35,0x51,
  0x36,0x37,0x32,0x20,0x31,0x33,0x34,0x36,0x20,0x37,0x33,0x33,0x2e,0x30,0x20,0x31,
  0x34,0x32,0x31,0x2e,0x30,0x51,0x37,0x39,0x34,0x20,0x31,0x34,0x39,0x36,0x20,0x38,
  0x35,0x31,0x20,0x31,0x34,0x39,0x36,0x5a,0x4d,0x31,0x31,0x33,0x37,0x20,0x35,0x31,
  0x30,0x51,0x31,0x32,0x33,0x30,0x20,0x33,0x36,0x35,0x20,0x31,0x33,0x36,0x30,0x20,
  0x33,0x36,0x35,0x51,0x31,0x35,0x32,0x31,0x20,0x33,0x36,0x35,0x20,0x31,0x35,0x33,
  0x30,0x20,0x35,0x36,0x32,0x51,0x31,0x35,0x32,0x33,0x20,0x37,0x31,0x39,0x20,0x31,
  0x33,0x36,0x34,0x20,0x37,0x33,0x38,0x51,0x31,0x32,0x31,0x32,0x20,0x37,0x33,0x38,
  0x20,0x31,0x31,0x33,0x37,0x20,0x35,0x31,0x30,0x5a,0x22,0x20,0x74,0x72,0x61,0x6e,
  0x73,0x66,0x6f,0x72,0x6d,0x3d,0x22,0x74,0x72,0x61,0x6e,0x73,0x6c,0x61,0x74,0x65,
  0x28,0x2d,0x31,0x38,0x2e,0x36,0x30,0x39,0x36,0x32,0x36,0x20,0x34,0x38,0x30,0x2e,
  0x30,0x30,0x30,0x30,0x30,0x30,0x29,0x20,0x73,0x63,0x61,0x6c,0x65,0x28,0x30,0x2e,
  0x32,0x39,0x39,0x34,0x36,0x35,0x20,0x2d,0x30,0x2e,0x32,0x39,0x39,0x34,0x36,0x35,
  0x29,0x22,0x2f,0x3e,0xd,0xa,0x3c,0x2f,0x73,0x76,0x67,0x3e,0xd,0xa,
    // moon.svg
  0x0,0x0,0x2,0xae,
  0x3c,
  0x73,0x76,0x67,0x20,0x78,0x6d,0x6c,0x6e,0x73,0x3d,0x22,0x68,0x74,0x74,0x70,0x3a,
  0x2f,0x2f,0x77,0x77,0x77,0x2e,0x77,0x33,0x2e,0x6f,0x72,0x67,0x2f,0x32,0x30,0x30,
  0x30,0x2f,0x73,0x76,0x67,0x22,0x20,0x76,0x69,0x65,0x77,0x42,0x6f,0x78,0x3d,0x22,
  0x30,0x20,0x30,0x20,0x31,0x30,0x30,0x30,0x20,0x31,0x30,0x30,0x30,0x22,0x20,0x72,
  0x6f,0x6c,0x65,0x3d,0x22,0x69,0x6d,0x67,0x22,0x20,0x61,0x72,0x69,0x61,0x2d,0x6c,
  0x61,0x62,0x65,0x6c,0x3d,0x22,0x4d,0x6f,0x6f,0x6e,0x20,0x67,0x6c,0x79,0x70,0x68,
  0x22,0x3e,0xd,0xa,0x20,0x20,0x3c,0x70,0x61,0x74,0x68,0x20,0x64,0x3d,0x22,0x4d,
  0x33,0x32,0x38,0x2e,0x30,0x37,0x20,0x38,0x30,0x51,0x35,0x35,0x30,0x2e,0x30,0x31,
  0x20,0x38,0x30,0x20,0x37,0x30,0x32,0x2e,0x38,0x34,0x20,0x32,0x39,0x31,0x2e,0x38,
  0x33,0x51,0x37,0x36,0x32,0x2e,0x33,0x39,0x20,0x33,0x38,0x39,0x2e,0x30,0x33,0x20,
  0x37,0x36,0x32,0x2e,0x33,0x39,0x20,0x35,0x30,0x30,0x2e,0x32,0x38,0x51,0x37,0x36,
  0x32,0x2e,0x33,0x39,0x20,0x37,0x32,0x30,0x2e,0x35,0x34,0x20,0x35,0x33,0x39,0x2e,
  0x38,0x39,0x20,0x38,0x36,0x34,0x2e,0x39,0x34,0x51,0x34,0x33,0x39,0x2e,0x33,0x32,
  0x20,0x39,0x32,0x30,0x20,0x33,0x34,0x30,0x2e,0x34,0x33,0x20,0x39,0x32,0x30,0x48,
  0x33,0x31,0x32,0x2e,0x39,0x51,0x32,0x38,0x36,0x2e,0x34,0x39,0x20,0x39,0x32,0x30,
  0x20,0x32,0x34,0x30,0x2e,0x39,0x38,0x20,0x39,0x31,0x31,0x2e,0x35,0x37,0x56,0x39,
  0x30,0x38,0x2e,0x32,0x51,0x33,0x39,0x36,0x2e,0x36,0x32,0x20,0x38,0x36,0x33,0x2e,
  0x38,0x31,0x20,0x34,0x36,0x36,0x2e,0x38,0x35,0x20,0x37,0x36,0x34,0x2e,0x33,0x36,
  0x51,0x35,0x35,0x33,0x2e,0x39,0x34,0x20,0x36,0x35,0x30,0x2e,0x38,0x36,0x20,0x35,
  0x35,0x33,0x2e,0x39,0x34,0x20,0x35,0x30,0x30,0x2e,0x32,0x38,0x51,0x35,0x35,0x33,
  0x2e,0x39,0x34,0x20,0x32,0x37,0x35,0x2e,0x35,0x33,0x20,0x33,0x36,0x36,0x2e,0x32,
  0x37,0x20,0x31,0x34,0x39,0x2e,0x36,0x37,0x51,0x32,0x38,0x39,0x2e,0x38,0x36,0x20,
  0x31,0x30,0x34,0x2e,0x37,0x32,0x20,0x32,0x33,0x37,0x2e,0x36,0x31,0x20,0x39,0x35,
  0x2e,0x37,0x33,0x56,0x39,0x34,0x2e,0x30,0x35,0x51,0x32,0x33,0x37,0x2e,0x36,0x31,
  0x20,0x38,0x37,0x2e,0x38,0x37,0x20,0x33,0x32,0x31,0x2e,0x33,0x32,0x20,0x38,0x30,
  0x5a,0x4d,0x33,0x34,0x33,0x2e,0x38,0x20,0x31,0x31,0x34,0x2e,0x38,0x34,0x56,0x31,
  0x31,0x36,0x2e,0x35,0x32,0x51,0x36,0x30,0x30,0x2e,0x35,0x38,0x20,0x32,0x32,0x37,
  0x2e,0x32,0x31,0x20,0x36,0x30,0x30,0x2e,0x35,0x38,0x20,0x35,0x30,0x33,0x2e,0x36,
  0x35,0x51,0x36,0x30,0x30,0x2e,0x35,0x38,0x20,0x37,0x32,0x39,0x2e,0x35,0x33,0x20,
  0x34,0x31,0x31,0x2e,0x32,0x32,0x20,0x38,0x35,0x39,0x2e,0x38,0x38,0x4c,0x33,0x38,
  0x37,0x2e,0x30,0x36,0x20,0x38,0x37,0x33,0x2e,0x33,0x36,0x56,0x38,0x37,0x35,0x2e,
  0x36,0x31,0x48,0x33,0x39,0x30,0x2e,0x34,0x33,0x51,0x34,0x33,0x38,0x2e,0x37,0x36,
  0x20,0x38,0x37,0x35,0x2e,0x36,0x31,0x20,0x35,0x32,0x37,0x2e,0x35,0x33,0x20,0x38,
  0x32,0x38,0x2e,0x39,0x38,0x51,0x36,0x35,0x38,0x2e,0x34,0x35,0x20,0x37,0x34,0x33,
  0x2e,0x35,0x37,0x20,0x37,0x30,0x34,0x2e,0x35,0x32,0x20,0x36,0x30,0x36,0x2e,0x34,
  0x37,0x51,0x37,0x32,0x30,0x2e,0x38,0x32,0x20,0x35,0x35,0x34,0x2e,0x32,0x32,0x20,
  0x37,0x32,0x30,0x2e,0x38,0x32,0x20,0x35,0x30,0x31,0x2e,0x39,0x37,0x56,0x34,0x39,
  0x36,0x2e,0x39,0x31,0x51,0x37,0x32,0x30,0x2e,0x38,0x32,0x20,0x33,0x31,0x38,0x2e,
  0x38,0x20,0x35,0x32,0x35,0x2e,0x38,0x35,0x20,0x31,0x37,0x32,0x2e,0x31,0x35,0x51,
  0x34,0x33,0x34,0x2e,0x32,0x36,0x20,0x31,0x31,0x34,0x2e,0x38,0x34,0x20,0x33,0x34,
  0x35,0x2e,0x34,0x38,0x20,0x31,0x31,0x34,0x2e,0x38,0x34,0x5a,0x22,0x20,0x66,0x69,
  0x6c,0x6c,0x3d,0x22,0x63,0x75,0x72,0x72,0x65,0x6e,0x74,0x43,0x6f,0x6c,0x6f,0x72,
  0x22,0x2f,0x3e,0xd,0xa,0x3c,0x2f,0x73,0x76,0x67,0x3e,0xd,0xa,
    // neptune.svg
  0x0,0x0,0x2,0x1a,
  0x3c,
  0x73,0x76,0x67,0x20,0x78,0x6d,0x6c,0x6e,0x73,0x3d,0x22,0x68,0x74,0x74,0x70,0x3a,
  0x2f,0x2f,0x77,0x77,0x77,0x2e,0x77,0x33,0x2e,0x6f,0x72,0x67,0x2f,0x32,0x30,0x30,
  0x30,0x2f,0x73,0x76,0x67,0x22,0x20,0x76,0x69,0x65,0x77,0x42,0x6f,0x78,0x3d,0x22,
  0x30,0x20,0x30,0x20,0x31,0x33,0x39,0x35,0x20,0x31,0x35,0x37,0x36,0x22,0x20,0x72,
  0x6f,0x6c,0x65,0x3d,0x22,0x69,0x6d,0x67,0x22,0x20,0x61,0x72,0x69,0x61,0x2d,0x6c,
  0x61,0x62,0x65,0x6c,0x3d,0x22,0x4e,0x65,0x70,0x74,0x75,0x6e,0x65,0x20,0x67,0x6c,
  0x79,0x70,0x68,0x22,0x3e,0xd,0xa,0x20,0x20,0x3c,0x70,0x61,0x74,0x68,0x20,0x64,
  0x3d,0x22,0x4d,0x37,0x37,0x34,0x20,0x31,0x33,0x34,0x39,0x56,0x31,0x35,0x33,0x36,
  0x48,0x36,0x32,0x33,0x56,0x31,0x33,0x34,0x39,0x48,0x34,0x34,0x37,0x56,0x31,0x31,
  0x39,0x38,0x48,0x36,0x32,0x33,0x56,0x31,0x30,0x35,0x39,0x51,0x34,0x35,0x38,0x20,
  0x31,0x30,0x33,0x37,0x20,0x33,0x33,0x36,0x20,0x39,0x31,0x35,0x51,0x31,0x38,0x36,
  0x20,0x37,0x36,0x35,0x20,0x31,0x38,0x35,0x20,0x35,0x35,0x30,0x56,0x34,0x36,0x36,
  0x4c,0x34,0x31,0x20,0x36,0x30,0x38,0x4c,0x34,0x30,0x20,0x34,0x36,0x38,0x4c,0x31,
  0x38,0x35,0x20,0x33,0x31,0x35,0x48,0x33,0x33,0x37,0x4c,0x34,0x38,0x31,0x20,0x34,
  0x36,0x38,0x56,0x36,0x30,0x38,0x4c,0x33,0x33,0x37,0x20,0x34,0x36,0x36,0x56,0x35,
  0x35,0x30,0x48,0x33,0x33,0x39,0x56,0x35,0x35,0x32,0x48,0x33,0x33,0x37,0x51,0x33,
  0x33,0x38,0x20,0x37,0x30,0x33,0x20,0x34,0x34,0x32,0x20,0x38,0x30,0x37,0x51,0x35,
  0x32,0x30,0x20,0x38,0x38,0x36,0x20,0x36,0x32,0x33,0x20,0x39,0x30,0x36,0x56,0x31,
  0x39,0x32,0x4c,0x34,0x37,0x38,0x20,0x33,0x33,0x33,0x4c,0x34,0x37,0x37,0x20,0x31,
  0x39,0x34,0x4c,0x36,0x32,0x33,0x20,0x34,0x30,0x48,0x37,0x37,0x34,0x4c,0x39,0x31,
  0x39,0x20,0x31,0x39,0x34,0x56,0x33,0x33,0x33,0x4c,0x37,0x37,0x34,0x20,0x31,0x39,
  0x32,0x56,0x39,0x30,0x35,0x51,0x38,0x37,0x35,0x20,0x38,0x38,0x35,0x20,0x39,0x35,
  0x32,0x20,0x38,0x30,0x37,0x51,0x31,0x30,0x35,0x38,0x20,0x37,0x30,0x31,0x20,0x31,
  0x30,0x35,0x38,0x20,0x35,0x35,0x31,0x56,0x35,0x35,0x30,0x48,0x31,0x30,0x35,0x39,
  0x56,0x34,0x36,0x31,0x4c,0x39,0x31,0x35,0x20,0x36,0x30,0x33,0x4c,0x39,0x31,0x34,
  0x20,0x34,0x36,0x33,0x4c,0x31,0x30,0x35,0x39,0x20,0x33,0x31,0x30,0x48,0x31,0x32,
  0x31,0x31,0x4c,0x31,0x33,0x35,0x35,0x20,0x34,0x36,0x33,0x56,0x36,0x30,0x33,0x4c,
  0x31,0x32,0x31,0x31,0x20,0x34,0x36,0x31,0x56,0x35,0x35,0x30,0x48,0x31,0x32,0x31,
  0x32,0x56,0x35,0x35,0x34,0x51,0x31,0x32,0x31,0x31,0x20,0x37,0x36,0x35,0x20,0x31,
  0x30,0x36,0x31,0x20,0x39,0x31,0x35,0x51,0x39,0x33,0x39,0x20,0x31,0x30,0x33,0x36,
  0x20,0x37,0x37,0x34,0x20,0x31,0x30,0x35,0x39,0x56,0x31,0x31,0x39,0x38,0x48,0x39,
  0x34,0x39,0x56,0x31,0x33,0x34,0x39,0x5a,0x22,0x20,0x66,0x69,0x6c,0x6c,0x3d,0x22,
  0x63,0x75,0x72,0x72,0x65,0x6e,0x74,0x43,0x6f,0x6c,0x6f,0x72,0x22,0x2f,0x3e,0xd,
  0xa,0x3c,0x2f,0x73,0x76,0x67,0x3e,0xd,0xa,
    // south_node.svg
  0x0,0x0,0x1,0x63,
  0x3c,
  0x73,0x76,0x67,0x20,0x78,0x6d,0x6c,0x6e,0x73,0x3d,0x22,0x68,0x74,0x74,0x70,0x3a,
  0x2f,0x2f,0x77,0x77,0x77,0x2e,0x77,0x33,0x2e,0x6f,0x72,0x67,0x2f,0x32,0x30,0x30,
  0x30,0x2f,0x73,0x76,0x67,0x22,0x20,0x76,0x69,0x65,0x77,0x42,0x6f,0x78,0x3d,0x22,
  0x30,0x20,0x30,0x20,0x31,0x30,0x30,0x20,0x31,0x30,0x30,0x22,0x3e,0xd,0xa,0x20,
  0x20,0x3c,0x63,0x69,0x72,0x63,0x6c,0x65,0x20,0x63,0x78,0x3d,0x22,0x33,0x30,0x22,
  0x20,0x63,0x79,0x3d,0x22,0x34,0x30,0x22,0x20,0x72,0x3d,0x22,0x31,0x32,0x22,0x20,
  0x73,0x74,0x72,0x6f,0x6b,0x65,0x3d,0x22,0x63,0x75,0x72,0x72,0x65,0x6e,0x74,0x43,
  0x6f,0x6c,0x6f,0x72,0x22,0x20,0x73,0x74,0x72,0x6f,0x6b,0x65,0x2d,0x77,0x69,0x64,
  0x74,0x68,0x3d,0x22,0x35,0x22,0x20,0x66,0x69,0x6c,0x6c,0x3d,0x22,0x6e,0x6f,0x6e,
  0x65,0x22,0x2f,0x3e,0xd,0xa,0x20,0x20,0x3c,0x63,0x69,0x72,0x63,0x6c,0x65,0x20,
  0x63,0x78,0x3d,0x22,0x37,0x30,0x22,0x20,0x63,0x79,0x3d,0x22,0x34,0x30,0x22,0x20,
  0x72,0x3d,0x22,0x31,0x32,0x22,0x20,0x73,0x74,0x72,0x6f,0x6b,0x65,0x3d,0x22,0x63,
  0x75,0x72,0x72,0x65,0x6e,0x74,0x43,0x6f,0x6c,0x6f,0x72,0x22,0x20,0x73,0x74,0x72,
  0x6f,0x6b,0x65,0x2d,0x77,0x69,0x64,0x74,0x68,0x3d,0x22,0x35,0x22,0x20,0x66,0x69,
  0x6c,0x6c,0x3d,0x22,0x6e,0x6f,0x6e,0x65,0x22,0x2f,0x3e,0xd,0xa,0x20,0x20,0x3c,
  0x70,0x61,0x74,0x68,0x20,0x64,0x3d,0x22,0x4d,0x33,0x30,0x2c,0x35,0x32,0x20,0x51,
  0x35,0x30,0x2c,0x38,0x30,0x20,0x37,0x30,0x2c,0x35,0x32,0x22,0x20,0x73,0x74,0x72,
  0x6f,0x6b,0x65,0x3d,0x22,0x63,0x75,0x72,0x72,0x65,0x6e,0x74,0x43,0x6f,0x6c,0x6f,
  0x72,0x22,0x20,0x73,0x74,0x72,0x6f,0x6b,0x65,0x2d,0x77,0x69,0x64,0x74,0x68,0x3d,
  0x22,0x35,0x22,0x20,0x66,0x69,0x6c,0x6c,0x3d,0x22,0x6e,0x6f,0x6e,0x65,0x22,0x20,
  0x73,0x74,0x72,0x6f,0x6b,0x65,0x2d,0x6c,0x69,0x6e,0x65,0x63,0x61,0x70,0x3d,0x22,
  0x72,0x6f,0x75,0x6e,0x64,0x22,0x2f,0x3e,0xd,0xa,0x3c,0x2f,0x73,0x76,0x67,0x3e,
  0xd,0xa,
    // chiron.svg
  0x0,0x0,0x1,0x71,
  0x3c,
  0x73,0x76,0x67,0x20,0x78,0x6d,0x6c,0x6e,0x73,0x3d,0x22,0x68,0x74,0x74,0x70,0x3a,
  0x2f,0x2f,0x77,0x77,0x77,0x2e,0x77,0x33,0x2e,0x6f,0x72,0x67,0x2f,0x32,0x30,0x30,
  0x30,0x2f,0x73,0x76,0x67,0x22,0x20,0x76,0x69,0x65,0x77,0x42,0x6f,0x78,0x3d,0x22,
  0x30,0x20,0x30,0x20,0x31,0x30,0x30,0x20,0x31,0x30,0x30,0x22,0x3e,0xd,0xa,0x20,
  0x20,0x3c,0x63,0x69,0x72,0x63,0x6c,0x65,0x20,0x63,0x78,0x3d,0x22,0x35,0x30,0x22,
  0x20,0x63,0x79,0x3d,0x22,0x36,0x38,0x22,0x20,0x72,0x3d,0x22,0x31,0x34,0x22,0x20,
  0x73,0x74,0x72,0x6f,0x6b,0x65,0x3d,0x22,0x63,0x75,0x72,0x72,0x65,0x6e,0x74,0x43,
  0x6f,0x6c,0x6f,0x72,0x22,0x20,0x73,0x74,0x72,0x6f,0x6b,0x65,0x2d,0x77,0x69,0x64,
  0x74,0x68,0x3d,0x22,0x35,0x22,0x20,0x66,0x69,0x6c,0x6c,0x3d,0x22,0x6e,0x6f,0x6e,
  0x65,0x22,0x2f,0x3e,0xd,0xa,0x20,0x20,0x3c,0x6c,0x69,0x6e,0x65,0x20,0x78,0x31,
  0x3d,0x22,0x35,0x30,0x22,0x20,0x79,0x31,0x3d,0x22,0x35,0x34,0x22,0x20,0x78,0x32,
  0x3d,0x22,0x35,0x30,0x22,0x20,0x79,0x32,0x3d,0x22,0x32,0x32,0x22,0x20,0x73,0x74,
  0x72,0x6f,0x6b,0x65,0x3d,0x22,0x63,0x75,0x72,0x72,0x65,0x6e,0x74,0x43,0x6f,0x6c,
  0x6f,0x72,0x22,0x20,0x73,0x74,0x72,0x6f,0x6b,0x65,0x2d,0x77,0x69,0x64,0x74,0x68,
  0x3d,0x22,0x35,0x22,0x20,0x73,0x74,0x72,0x6f,0x6b,0x65,0x2d,0x6c,0x69,0x6e,0x65,
  0x63,0x61,0x70,0x3d,0x22,0x72,0x6f,0x75,0x6e,0x64,0x22,0x2f,0x3e,0xd,0xa,0x20,
  0x20,0x3c,0x6c,0x69,0x6e,0x65,0x20,0x78,0x31,0x3d,0x22,0x33,0x38,0x22,0x20,0x79,
  0x31,0x3d,0x22,0x33,0x35,0x22,0x20,0x78,0x32,0x3d,0x22,0x36,0x38,0x22,0x20,0x79,
  0x32,0x3d,0x22,0x31,0x38,0x22,0x20,0x73,0x74,0x72,0x6f,0x6b,0x65,0x3d,0x22,0x63,
  0x75,0x72,0x72,0x65,0x6e,0x74,0x43,0x6f,0x6c,0x6f,0x72,0x22,0x20,0x73,0x74,0x72,
  0x6f,0x6b,0x65,0x2d,0x77,0x69,0x64,0x74,0x68,0x3d,0x22,0x35,0x22,0x20,0x73,0x74,
  0x72,0x6f,0x6b,0x65,0x2d,0x6c,0x69,0x6e,0x65,0x63,0x61,0x70,0x3d,0x22,0x72,0x6f,
  0x75,0x6e,0x64,0x22,0x2f,0x3e,0xd,0xa,0x3c,0x2f,0x73,0x76,0x67,0x3e,0xd,0xa,
  
    // jupiter.svg
  0x0,0x0,0x2,0x18,
  0x3c,
  0x73,0x76,0x67,0x20,0x78,0x6d,0x6c,0x6e,0x73,0x3d,0x22,0x68,0x74,0x74,0x70,0x3a,
  0x2f,0x2f,0x77,0x77,0x77,0x2e,0x77,0x33,0x2e,0x6f,0x72,0x67,0x2f,0x32,0x30,0x30,
  0x30,0x2f,0x73,0x76,0x67,0x22,0x20,0x76,0x69,0x65,0x77,0x42,0x6f,0x78,0x3d,0x22,
  0x30,0x20,0x30,0x20,0x31,0x30,0x30,0x30,0x20,0x31,0x30,0x30,0x30,0x22,0x20,0x72,
  0x6f,0x6c,0x65,0x3d,0x22,0x69,0x6d,0x67,0x22,0x20,0x61,0x72,0x69,0x61,0x2d,0x6c,
  0x61,0x62,0x65,0x6c,0x3d,0x22,0x4a,0x75,0x70,0x69,0x74,0x65,0x72,0x20,0x67,0x6c,
  0x79,0x70,0x68,0x22,0x3e,0xd,0xa,0x20,0x20,0x3c,0x70,0x61,0x74,0x68,0x20,0x64,
  0x3d,0x22,0x4d,0x34,0x32,0x33,0x2e,0x36,0x34,0x20,0x36,0x32,0x31,0x2e,0x38,0x34,
  0x56,0x36,0x32,0x31,0x2e,0x32,0x38,0x51,0x34,0x39,0x32,0x2e,0x31,0x34,0x20,0x36,
  0x32,0x31,0x2e,0x32,0x38,0x20,0x35,0x33,0x39,0x2e,0x38,0x37,0x20,0x35,0x37,0x33,
  0x2e,0x32,0x38,0x51,0x35,0x38,0x37,0x2e,0x35,0x39,0x20,0x35,0x32,0x35,0x2e,0x32,
  0x37,0x20,0x35,0x38,0x37,0x2e,0x35,0x39,0x20,0x34,0x35,0x37,0x2e,0x33,0x33,0x51,
  0x35,0x38,0x37,0x2e,0x35,0x39,0x20,0x33,0x38,0x39,0x2e,0x33,0x39,0x20,0x35,0x34,
  0x30,0x2e,0x31,0x35,0x20,0x33,0x34,0x31,0x2e,0x33,0x38,0x51,0x34,0x39,0x32,0x2e,
  0x37,0x20,0x32,0x39,0x33,0x2e,0x33,0x37,0x20,0x34,0x32,0x33,0x2e,0x36,0x34,0x20,
  0x32,0x39,0x33,0x2e,0x33,0x37,0x51,0x33,0x35,0x35,0x2e,0x37,0x20,0x32,0x39,0x33,
  0x2e,0x33,0x37,0x20,0x33,0x30,0x37,0x2e,0x36,0x39,0x20,0x33,0x34,0x31,0x2e,0x33,
  0x38,0x51,0x32,0x35,0x39,0x2e,0x36,0x38,0x20,0x33,0x38,0x39,0x2e,0x33,0x39,0x20,
  0x32,0x35,0x39,0x2e,0x36,0x38,0x20,0x34,0x35,0x37,0x2e,0x33,0x33,0x56,0x34,0x35,
  0x38,0x2e,0x34,0x35,0x48,0x31,0x37,0x35,0x2e,0x34,0x35,0x51,0x31,0x37,0x35,0x2e,
  0x34,0x35,0x20,0x33,0x35,0x34,0x2e,0x35,0x37,0x20,0x32,0x34,0x37,0x2e,0x38,0x39,
  0x20,0x32,0x38,0x31,0x2e,0x35,0x38,0x51,0x33,0x32,0x30,0x2e,0x33,0x32,0x20,0x32,
  0x30,0x38,0x2e,0x35,0x38,0x20,0x34,0x32,0x33,0x2e,0x36,0x34,0x20,0x32,0x30,0x38,
  0x2e,0x35,0x38,0x51,0x35,0x32,0x38,0x2e,0x36,0x34,0x20,0x32,0x30,0x38,0x2e,0x35,
  0x38,0x20,0x36,0x30,0x31,0x2e,0x30,0x37,0x20,0x32,0x38,0x31,0x2e,0x35,0x38,0x51,
  0x36,0x37,0x33,0x2e,0x35,0x20,0x33,0x35,0x34,0x2e,0x35,0x37,0x20,0x36,0x37,0x33,
  0x2e,0x35,0x20,0x34,0x35,0x38,0x2e,0x34,0x35,0x51,0x36,0x37,0x33,0x2e,0x35,0x20,
  0x35,0x35,0x32,0x2e,0x37,0x38,0x20,0x36,0x31,0x32,0x2e,0x33,0x30,0x20,0x36,0x32,
  0x31,0x2e,0x38,0x34,0x48,0x37,0x33,0x39,0x2e,0x37,0x36,0x56,0x38,0x30,0x48,0x38,
  0x32,0x34,0x2e,0x35,0x35,0x56,0x39,0x32,0x30,0x48,0x37,0x33,0x39,0x2e,0x37,0x36,
  0x56,0x37,0x30,0x36,0x2e,0x36,0x33,0x48,0x31,0x37,0x35,0x2e,0x34,0x35,0x56,0x36,
  0x32,0x31,0x2e,0x38,0x34,0x5a,0x22,0x20,0x66,0x69,0x6c,0x6c,0x3d,0x22,0x63,0x75,
  0x72,0x72,0x65,0x6e,0x74,0x43,0x6f,0x6c,0x6f,0x72,0x22,0x2f,0x3e,0xd,0xa,0x3c,
  0x2f,0x73,0x76,0x67,0x3e,0xd,0xa,
    // mercury.svg
  0x0,0x0,0x3,0xd2,
  0x3c,
  0x73,0x76,0x67,0x20,0x78,0x6d,0x6c,0x6e,0x73,0x3d,0x22,0x68,0x74,0x74,0x70,0x3a,
  0x2f,0x2f,0x77,0x77,0x77,0x2e,0x77,0x33,0x2e,0x6f,0x72,0x67,0x2f,0x32,0x30,0x30,
  0x30,0x2f,0x73,0x76,0x67,0x22,0x20,0x76,0x69,0x65,0x77,0x42,0x6f,0x78,0x3d,0x22,
  0x30,0x20,0x30,0x20,0x31,0x30,0x30,0x30,0x20,0x31,0x30,0x30,0x30,0x22,0x20,0x72,
  0x6f,0x6c,0x65,0x3d,0x22,0x69,0x6d,0x67,0x22,0x20,0x61,0x72,0x69,0x61,0x2d,0x6c,
  0x61,0x62,0x65,0x6c,0x3d,0x22,0x4d,0x65,0x72,0x63,0x75,0x72,0x79,0x20,0x67,0x6c,
  0x79,0x70,0x68,0x22,0x3e,0xd,0xa,0x20,0x20,0x3c,0x70,0x61,0x74,0x68,0x20,0x64,
  0x3d,0x22,0x4d,0x36,0x32,0x30,0x2e,0x33,0x32,0x20,0x32,0x37,0x31,0x2e,0x34,0x32,
  0x51,0x36,0x34,0x30,0x20,0x32,0x38,0x34,0x2e,0x32,0x32,0x20,0x36,0x35,0x37,0x2e,
  0x37,0x32,0x20,0x33,0x30,0x31,0x2e,0x39,0x33,0x51,0x37,0x32,0x33,0x2e,0x31,0x36,
  0x20,0x33,0x36,0x36,0x2e,0x34,0x20,0x37,0x32,0x33,0x2e,0x31,0x36,0x20,0x34,0x35,
  0x39,0x2e,0x34,0x51,0x37,0x32,0x33,0x2e,0x31,0x36,0x20,0x35,0x35,0x31,0x2e,0x39,
  0x32,0x20,0x36,0x35,0x38,0x2e,0x32,0x31,0x20,0x36,0x31,0x32,0x2e,0x39,0x33,0x51,
  0x36,0x30,0x35,0x2e,0x30,0x36,0x20,0x36,0x36,0x32,0x2e,0x31,0x34,0x20,0x35,0x33,
  0x34,0x2e,0x36,0x39,0x20,0x36,0x36,0x39,0x2e,0x30,0x33,0x56,0x37,0x37,0x31,0x2e,
  0x38,0x38,0x4c,0x36,0x34,0x30,0x2e,0x39,0x38,0x20,0x37,0x37,0x30,0x2e,0x39,0x56,
  0x38,0x32,0x30,0x2e,0x31,0x31,0x4c,0x35,0x33,0x32,0x2e,0x37,0x32,0x20,0x38,0x32,
  0x30,0x2e,0x36,0x4c,0x35,0x33,0x33,0x2e,0x32,0x32,0x20,0x39,0x32,0x30,0x48,0x34,
  0x36,0x39,0x2e,0x37,0x34,0x4c,0x34,0x36,0x39,0x2e,0x32,0x34,0x20,0x38,0x32,0x30,
  0x2e,0x31,0x31,0x48,0x33,0x36,0x39,0x2e,0x38,0x34,0x56,0x37,0x37,0x31,0x2e,0x38,
  0x38,0x48,0x34,0x36,0x39,0x2e,0x32,0x34,0x4c,0x34,0x36,0x38,0x2e,0x32,0x36,0x20,
  0x36,0x36,0x39,0x2e,0x30,0x33,0x51,0x33,0x39,0x35,0x2e,0x39,0x32,0x20,0x36,0x36,
  0x32,0x2e,0x36,0x34,0x20,0x33,0x34,0x32,0x2e,0x32,0x38,0x20,0x36,0x31,0x32,0x2e,
  0x39,0x33,0x51,0x32,0x37,0x36,0x2e,0x38,0x34,0x20,0x35,0x35,0x31,0x2e,0x39,0x32,
  0x20,0x32,0x37,0x36,0x2e,0x38,0x34,0x20,0x34,0x35,0x39,0x2e,0x34,0x51,0x32,0x37,
  0x36,0x2e,0x38,0x34,0x20,0x33,0x36,0x36,0x2e,0x34,0x20,0x33,0x34,0x32,0x2e,0x32,
  0x38,0x20,0x33,0x30,0x31,0x2e,0x39,0x33,0x51,0x33,0x36,0x30,0x20,0x32,0x38,0x34,
  0x2e,0x32,0x32,0x20,0x33,0x37,0x39,0x2e,0x36,0x38,0x20,0x32,0x37,0x31,0x2e,0x34,
  0x32,0x51,0x33,0x36,0x30,0x20,0x32,0x35,0x39,0x2e,0x31,0x32,0x20,0x33,0x34,0x32,
  0x2e,0x32,0x38,0x20,0x32,0x34,0x30,0x2e,0x39,0x31,0x51,0x32,0x37,0x36,0x2e,0x38,
  0x34,0x20,0x31,0x37,0x36,0x2e,0x34,0x35,0x20,0x32,0x37,0x36,0x2e,0x38,0x34,0x20,
  0x38,0x33,0x2e,0x39,0x34,0x56,0x38,0x30,0x48,0x33,0x34,0x36,0x2e,0x37,0x31,0x56,
  0x38,0x34,0x2e,0x39,0x32,0x51,0x33,0x34,0x36,0x2e,0x37,0x31,0x20,0x31,0x34,0x38,
  0x2e,0x38,0x39,0x20,0x33,0x39,0x31,0x2e,0x34,0x39,0x20,0x31,0x39,0x33,0x2e,0x31,
  0x38,0x51,0x34,0x33,0x33,0x2e,0x33,0x32,0x20,0x32,0x33,0x34,0x2e,0x30,0x32,0x20,
  0x34,0x39,0x30,0x2e,0x39,0x20,0x32,0x33,0x37,0x2e,0x34,0x37,0x48,0x35,0x30,0x39,
  0x2e,0x36,0x51,0x35,0x36,0x36,0x2e,0x36,0x38,0x20,0x32,0x33,0x34,0x2e,0x30,0x32,
  0x20,0x36,0x30,0x38,0x2e,0x35,0x31,0x20,0x31,0x39,0x33,0x2e,0x31,0x38,0x51,0x36,
  0x35,0x33,0x2e,0x32,0x39,0x20,0x31,0x34,0x38,0x2e,0x38,0x39,0x20,0x36,0x35,0x33,
  0x2e,0x32,0x39,0x20,0x38,0x34,0x2e,0x39,0x32,0x56,0x38,0x30,0x48,0x37,0x32,0x33,
  0x2e,0x31,0x36,0x56,0x38,0x33,0x2e,0x39,0x34,0x51,0x37,0x32,0x33,0x2e,0x31,0x36,
  0x20,0x31,0x37,0x36,0x2e,0x34,0x35,0x20,0x36,0x35,0x37,0x2e,0x37,0x32,0x20,0x32,
  0x34,0x30,0x2e,0x39,0x31,0x51,0x36,0x34,0x30,0x20,0x32,0x35,0x39,0x2e,0x31,0x32,
  0x20,0x36,0x32,0x30,0x2e,0x33,0x32,0x20,0x32,0x37,0x31,0x2e,0x34,0x32,0x5a,0x4d,
  0x35,0x30,0x39,0x2e,0x36,0x20,0x33,0x30,0x35,0x2e,0x38,0x37,0x48,0x34,0x39,0x30,
  0x2e,0x39,0x51,0x34,0x33,0x33,0x2e,0x33,0x32,0x20,0x33,0x30,0x38,0x2e,0x38,0x32,
  0x20,0x33,0x39,0x31,0x2e,0x34,0x39,0x20,0x33,0x35,0x30,0x2e,0x31,0x36,0x51,0x33,
  0x34,0x36,0x2e,0x37,0x31,0x20,0x33,0x39,0x33,0x2e,0x39,0x35,0x20,0x33,0x34,0x36,
  0x2e,0x37,0x31,0x20,0x34,0x35,0x37,0x2e,0x39,0x33,0x51,0x33,0x34,0x36,0x2e,0x37,
  0x31,0x20,0x35,0x32,0x31,0x2e,0x39,0x20,0x33,0x39,0x31,0x2e,0x37,0x34,0x20,0x35,
  0x36,0x33,0x2e,0x37,0x33,0x51,0x34,0x33,0x36,0x2e,0x37,0x37,0x20,0x36,0x30,0x35,
  0x2e,0x35,0x35,0x20,0x35,0x30,0x30,0x2e,0x37,0x34,0x20,0x36,0x30,0x35,0x2e,0x35,
  0x35,0x51,0x35,0x36,0x33,0x2e,0x32,0x33,0x20,0x36,0x30,0x35,0x2e,0x35,0x35,0x20,
  0x36,0x30,0x38,0x2e,0x32,0x36,0x20,0x35,0x36,0x33,0x2e,0x37,0x33,0x51,0x36,0x35,
  0x33,0x2e,0x32,0x39,0x20,0x35,0x32,0x31,0x2e,0x39,0x20,0x36,0x35,0x33,0x2e,0x32,
  0x39,0x20,0x34,0x35,0x37,0x2e,0x39,0x33,0x51,0x36,0x35,0x33,0x2e,0x32,0x39,0x20,
  0x33,0x39,0x33,0x2e,0x39,0x35,0x20,0x36,0x30,0x38,0x2e,0x35,0x31,0x20,0x33,0x35,
  0x30,0x2e,0x31,0x36,0x51,0x35,0x36,0x36,0x2e,0x36,0x38,0x20,0x33,0x30,0x38,0x2e,
  0x38,0x32,0x20,0x35,0x30,0x39,0x2e,0x36,0x20,0x33,0x30,0x35,0x2e,0x38,0x37,0x5a,
  0x22,0x20,0x66,0x69,0x6c,0x6c,0x3d,0x22,0x63,0x75,0x72,0x72,0x65,0x6e,0x74,0x43,
  0x6f,0x6c,0x6f,0x72,0x22,0x2f,0x3e,0xd,0xa,0x3c,0x2f,0x73,0x76,0x67,0x3e,0xd,
  0xa,
    // mars.svg
  0x0,0x0,0x2,0xad,
  0x3c,
  0x73,0x76,0x67,0x20,0x78,0x6d,0x6c,0x6e,0x73,0x3d,0x22,0x68,0x74,0x74,0x70,0x3a,
  0x2f,0x2f,0x77,0x77,0x77,0x2e,0x77,0x33,0x2e,0x6f,0x72,0x67,0x2f,0x32,0x30,0x30,
  0x30,0x2f,0x73,0x76,0x67,0x22,0x20,0x76,0x69,0x65,0x77,0x42,0x6f,0x78,0x3d,0x22,
  0x30,0x20,0x30,0x20,0x31,0x30,0x30,0x30,0x20,0x31,0x30,0x30,0x30,0x22,0x20,0x72,
  0x6f,0x6c,0x65,0x3d,0x22,0x69,0x6d,0x67,0x22,0x20,0x61,0x72,0x69,0x61,0x2d,0x6c,
  0x61,0x62,0x65,0x6c,0x3d,0x22,0x4d,0x61,0x72,0x73,0x20,0x67,0x6c,0x79,0x70,0x68,
  0x22,0x3e,0xd,0xa,0x20,0x20,0x3c,0x70,0x61,0x74,0x68,0x20,0x64,0x3d,0x22,0x4d,
  0x33,0x39,0x33,0x2e,0x38,0x34,0x20,0x33,0x39,0x33,0x2e,0x35,0x37,0x51,0x33,0x30,
  0x34,0x2e,0x33,0x33,0x20,0x33,0x39,0x33,0x2e,0x35,0x37,0x20,0x32,0x34,0x31,0x2e,
  0x32,0x39,0x20,0x34,0x35,0x35,0x2e,0x37,0x39,0x51,0x31,0x37,0x38,0x2e,0x32,0x35,
  0x20,0x35,0x31,0x38,0x2e,0x30,0x31,0x20,0x31,0x37,0x38,0x2e,0x32,0x35,0x20,0x36,
  0x30,0x37,0x2e,0x35,0x32,0x51,0x31,0x37,0x38,0x2e,0x32,0x35,0x20,0x36,0x39,0x37,
  0x2e,0x30,0x34,0x20,0x32,0x34,0x31,0x2e,0x32,0x39,0x20,0x37,0x35,0x35,0x2e,0x39,
  0x38,0x51,0x33,0x30,0x34,0x2e,0x33,0x33,0x20,0x38,0x31,0x34,0x2e,0x39,0x33,0x20,
  0x33,0x39,0x33,0x2e,0x38,0x34,0x20,0x38,0x31,0x34,0x2e,0x39,0x33,0x51,0x34,0x38,
  0x31,0x2e,0x37,0x32,0x20,0x38,0x31,0x34,0x2e,0x39,0x33,0x20,0x35,0x34,0x35,0x2e,
  0x35,0x38,0x20,0x37,0x35,0x35,0x2e,0x39,0x38,0x51,0x36,0x30,0x39,0x2e,0x34,0x33,
  0x20,0x36,0x39,0x37,0x2e,0x30,0x34,0x20,0x36,0x30,0x39,0x2e,0x34,0x33,0x20,0x36,
  0x30,0x37,0x2e,0x35,0x32,0x51,0x36,0x30,0x39,0x2e,0x34,0x33,0x20,0x35,0x31,0x38,
  0x2e,0x30,0x31,0x20,0x35,0x34,0x35,0x2e,0x35,0x38,0x20,0x34,0x35,0x35,0x2e,0x37,
  0x39,0x51,0x34,0x38,0x31,0x2e,0x37,0x32,0x20,0x33,0x39,0x33,0x2e,0x35,0x37,0x20,
  0x33,0x39,0x33,0x2e,0x38,0x34,0x20,0x33,0x39,0x33,0x2e,0x35,0x37,0x5a,0x4d,0x36,
  0x31,0x38,0x2e,0x37,0x31,0x20,0x38,0x32,0x30,0x2e,0x39,0x34,0x51,0x35,0x32,0x37,
  0x2e,0x30,0x32,0x20,0x39,0x31,0x30,0x2e,0x34,0x35,0x20,0x33,0x39,0x33,0x2e,0x38,
  0x34,0x20,0x39,0x31,0x30,0x2e,0x34,0x35,0x51,0x32,0x36,0x35,0x2e,0x35,0x38,0x20,
  0x39,0x31,0x30,0x2e,0x34,0x35,0x20,0x31,0x37,0x32,0x2e,0x37,0x39,0x20,0x38,0x32,
  0x33,0x2e,0x39,0x34,0x51,0x38,0x30,0x20,0x37,0x33,0x37,0x2e,0x34,0x33,0x20,0x38,
  0x30,0x20,0x36,0x30,0x37,0x2e,0x35,0x32,0x51,0x38,0x30,0x20,0x34,0x37,0x37,0x2e,
  0x36,0x32,0x20,0x31,0x37,0x34,0x2e,0x31,0x35,0x20,0x33,0x38,0x34,0x2e,0x35,0x36,
  0x51,0x32,0x36,0x38,0x2e,0x33,0x20,0x32,0x39,0x31,0x2e,0x35,0x20,0x33,0x39,0x33,
  0x2e,0x38,0x34,0x20,0x32,0x39,0x36,0x2e,0x34,0x31,0x51,0x35,0x31,0x38,0x2e,0x32,
  0x38,0x20,0x33,0x30,0x30,0x2e,0x37,0x38,0x20,0x35,0x37,0x39,0x2e,0x34,0x32,0x20,
  0x33,0x35,0x37,0x4c,0x37,0x37,0x36,0x2e,0x34,0x35,0x20,0x31,0x36,0x37,0x2e,0x30,
  0x36,0x48,0x35,0x37,0x33,0x2e,0x39,0x36,0x4c,0x36,0x35,0x30,0x2e,0x33,0x37,0x20,
  0x38,0x39,0x2e,0x35,0x35,0x48,0x39,0x32,0x30,0x56,0x33,0x35,0x38,0x2e,0x30,0x39,
  0x4c,0x38,0x34,0x31,0x2e,0x39,0x35,0x20,0x34,0x33,0x36,0x2e,0x31,0x34,0x56,0x32,
  0x33,0x32,0x2e,0x35,0x35,0x4c,0x36,0x34,0x36,0x2e,0x35,0x35,0x20,0x34,0x32,0x32,
  0x2e,0x35,0x51,0x37,0x30,0x37,0x2e,0x36,0x38,0x20,0x35,0x30,0x32,0x2e,0x31,0x38,
  0x20,0x37,0x30,0x37,0x2e,0x36,0x38,0x20,0x36,0x30,0x37,0x2e,0x35,0x32,0x51,0x37,
  0x30,0x37,0x2e,0x36,0x38,0x20,0x37,0x33,0x34,0x2e,0x31,0x35,0x20,0x36,0x31,0x38,
  0x2e,0x37,0x31,0x20,0x38,0x32,0x30,0x2e,0x39,0x34,0x5a,0x22,0x20,0x66,0x69,0x6c,
  0x6c,0x3d,0x22,0x63,0x75,0x72,0x72,0x65,0x6e,0x74,0x43,0x6f,0x6c,0x6f,0x72,0x22,
  0x2f,0x3e,0xd,0xa,0x3c,0x2f,0x73,0x76,0x67,0x3e,0xd,0xa,
    // pluto.svg
  0x0,0x0,0x1,0x5e,
  0x3c,
  0x73,0x76,0x67,0x20,0x78,0x6d,0x6c,0x6e,0x73,0x3d,0x22,0x68,0x74,0x74,0x70,0x3a,
  0x2f,0x2f,0x77,0x77,0x77,0x2e,0x77,0x33,0x2e,0x6f,0x72,0x67,0x2f,0x32,0x30,0x30,
  0x30,0x2f,0x73,0x76,0x67,0x22,0x20,0x76,0x69,0x65,0x77,0x42,0x6f,0x78,0x3d,0x22,
  0x30,0x20,0x30,0x20,0x39,0x33,0x31,0x20,0x31,0x35,0x37,0x36,0x22,0x20,0x72,0x6f,
  0x6c,0x65,0x3d,0x22,0x69,0x6d,0x67,0x22,0x20,0x61,0x72,0x69,0x61,0x2d,0x6c,0x61,
  0x62,0x65,0x6c,0x3d,0x22,0x50,0x6c,0x75,0x74,0x6f,0x20,0x67,0x6c,0x79,0x70,0x68,
  0x22,0x3e,0xd,0xa,0x20,0x20,0x3c,0x70,0x61,0x74,0x68,0x20,0x64,0x3d,0x22,0x4d,
  0x34,0x38,0x20,0x34,0x30,0x48,0x34,0x35,0x37,0x51,0x37,0x35,0x39,0x20,0x34,0x30,
  0x20,0x38,0x35,0x39,0x20,0x32,0x34,0x38,0x51,0x38,0x39,0x31,0x20,0x33,0x32,0x35,
  0x20,0x38,0x39,0x31,0x20,0x34,0x32,0x30,0x51,0x38,0x39,0x31,0x20,0x36,0x38,0x36,
  0x20,0x36,0x34,0x30,0x20,0x37,0x37,0x38,0x51,0x35,0x38,0x31,0x20,0x37,0x39,0x35,
  0x20,0x35,0x32,0x37,0x20,0x37,0x39,0x35,0x48,0x31,0x38,0x35,0x56,0x31,0x33,0x39,
  0x30,0x48,0x38,0x31,0x39,0x4c,0x38,0x32,0x37,0x20,0x31,0x33,0x39,0x38,0x56,0x31,
  0x35,0x32,0x38,0x4c,0x38,0x31,0x39,0x20,0x31,0x35,0x33,0x36,0x48,0x34,0x38,0x4c,
  0x34,0x30,0x20,0x31,0x35,0x32,0x38,0x56,0x34,0x39,0x5a,0x4d,0x31,0x38,0x35,0x20,
  0x31,0x38,0x30,0x56,0x36,0x35,0x36,0x48,0x35,0x31,0x31,0x51,0x36,0x34,0x31,0x20,
  0x36,0x35,0x36,0x20,0x37,0x31,0x33,0x20,0x35,0x32,0x36,0x51,0x37,0x32,0x39,0x20,
  0x35,0x30,0x30,0x20,0x37,0x33,0x37,0x20,0x34,0x32,0x30,0x51,0x37,0x33,0x37,0x20,
  0x32,0x35,0x36,0x20,0x35,0x37,0x35,0x20,0x31,0x39,0x36,0x51,0x35,0x33,0x38,0x20,
  0x31,0x38,0x30,0x20,0x34,0x35,0x37,0x20,0x31,0x38,0x30,0x5a,0x22,0x20,0x66,0x69,
  0x6c,0x6c,0x3d,0x22,0x63,0x75,0x72,0x72,0x65,0x6e,0x74,0x43,0x6f,0x6c,0x6f,0x72,
  0x22,0x2f,0x3e,0xd,0xa,0x3c,0x2f,0x73,0x76,0x67,0x3e,0xd,0xa,
    // uranus.svg
  0x0,0x0,0x2,0x55,
  0x3c,
  0x73,0x76,0x67,0x20,0x78,0x6d,0x6c,0x6e,0x73,0x3d,0x22,0x68,0x74,0x74,0x70,0x3a,
  0x2f,0x2f,0x77,0x77,0x77,0x2e,0x77,0x33,0x2e,0x6f,0x72,0x67,0x2f,0x32,0x30,0x30,
  0x30,0x2f,0x73,0x76,0x67,0x22,0x20,0x76,0x69,0x65,0x77,0x42,0x6f,0x78,0x3d,0x22,
  0x30,0x20,0x30,0x20,0x31,0x34,0x31,0x38,0x20,0x31,0x35,0x37,0x36,0x22,0x20,0x72,
  0x6f,0x6c,0x65,0x3d,0x22,0x69,0x6d,0x67,0x22,0x20,0x61,0x72,0x69,0x61,0x2d,0x6c,
  0x61,0x62,0x65,0x6c,0x3d,0x22,0x55,0x72,0x61,0x6e,0x75,0x73,0x20,0x67,0x6c,0x79,
  0x70,0x68,0x22,0x3e,0xd,0xa,0x20,0x20,0x3c,0x70,0x61,0x74,0x68,0x20,0x64,0x3d,
  0x22,0x4d,0x35,0x37,0x34,0x20,0x31,0x32,0x37,0x34,0x51,0x35,0x37,0x34,0x20,0x31,
  0x33,0x33,0x31,0x20,0x36,0x31,0x33,0x2e,0x35,0x20,0x31,0x33,0x37,0x30,0x2e,0x30,
  0x51,0x36,0x35,0x33,0x20,0x31,0x34,0x30,0x39,0x20,0x37,0x30,0x39,0x20,0x31,0x34,
  0x30,0x39,0x51,0x37,0x36,0x34,0x20,0x31,0x34,0x30,0x39,0x20,0x38,0x30,0x33,0x2e,
  0x35,0x20,0x31,0x33,0x37,0x30,0x2e,0x30,0x51,0x38,0x34,0x33,0x20,0x31,0x33,0x33,
  0x31,0x20,0x38,0x34,0x33,0x20,0x31,0x32,0x37,0x34,0x51,0x38,0x34,0x33,0x20,0x31,
  0x32,0x31,0x39,0x20,0x38,0x30,0x34,0x2e,0x30,0x20,0x31,0x31,0x37,0x39,0x2e,0x35,
  0x51,0x37,0x36,0x35,0x20,0x31,0x31,0x34,0x30,0x20,0x37,0x30,0x39,0x2e,0x30,0x20,
  0x31,0x31,0x34,0x30,0x2e,0x30,0x51,0x36,0x35,0x33,0x20,0x31,0x31,0x34,0x30,0x20,
  0x36,0x31,0x33,0x2e,0x35,0x20,0x31,0x31,0x37,0x39,0x2e,0x35,0x51,0x35,0x37,0x34,
  0x20,0x31,0x32,0x31,0x39,0x20,0x35,0x37,0x34,0x20,0x31,0x32,0x37,0x34,0x5a,0x4d,
  0x37,0x38,0x35,0x20,0x31,0x30,0x32,0x35,0x51,0x38,0x34,0x36,0x20,0x31,0x30,0x34,
  0x33,0x20,0x38,0x39,0x34,0x20,0x31,0x30,0x39,0x31,0x51,0x39,0x37,0x30,0x20,0x31,
  0x31,0x36,0x37,0x20,0x39,0x37,0x30,0x2e,0x30,0x20,0x31,0x32,0x37,0x35,0x2e,0x30,
  0x51,0x39,0x37,0x30,0x20,0x31,0x33,0x38,0x33,0x20,0x38,0x39,0x34,0x2e,0x30,0x20,
  0x31,0x34,0x35,0x39,0x2e,0x35,0x51,0x38,0x31,0x38,0x20,0x31,0x35,0x33,0x36,0x20,
  0x37,0x30,0x39,0x20,0x31,0x35,0x33,0x36,0x51,0x36,0x30,0x32,0x20,0x31,0x35,0x33,
  0x36,0x20,0x35,0x32,0x35,0x2e,0x35,0x20,0x31,0x34,0x35,0x39,0x2e,0x35,0x51,0x34,
  0x34,0x39,0x20,0x31,0x33,0x38,0x33,0x20,0x34,0x34,0x39,0x2e,0x30,0x20,0x31,0x32,
  0x37,0x35,0x2e,0x30,0x51,0x34,0x34,0x39,0x20,0x31,0x31,0x36,0x37,0x20,0x35,0x32,
  0x35,0x20,0x31,0x30,0x39,0x31,0x51,0x35,0x37,0x32,0x20,0x31,0x30,0x34,0x32,0x20,
  0x36,0x33,0x34,0x20,0x31,0x30,0x32,0x35,0x56,0x36,0x32,0x39,0x48,0x33,0x34,0x36,
  0x56,0x31,0x30,0x36,0x36,0x48,0x34,0x30,0x56,0x39,0x31,0x35,0x48,0x31,0x39,0x35,
  0x56,0x31,0x39,0x32,0x48,0x34,0x30,0x56,0x34,0x30,0x48,0x33,0x34,0x36,0x56,0x34,
  0x37,0x38,0x48,0x36,0x33,0x34,0x56,0x34,0x30,0x48,0x37,0x38,0x35,0x56,0x34,0x37,
  0x38,0x48,0x31,0x30,0x37,0x33,0x56,0x34,0x30,0x48,0x31,0x33,0x37,0x38,0x56,0x31,
  0x39,0x32,0x48,0x31,0x32,0x32,0x35,0x56,0x39,0x31,0x35,0x48,0x31,0x33,0x37,0x38,
  0x56,0x31,0x30,0x36,0x36,0x48,0x31,0x30,0x37,0x33,0x56,0x36,0x32,0x39,0x48,0x37,
  0x38,0x35,0x5a,0x22,0x20,0x66,0x69,0x6c,0x6c,0x3d,0x22,0x63,0x75,0x72,0x72,0x65,
  0x6e,0x74,0x43,0x6f,0x6c,0x6f,0x72,0x22,0x2f,0x3e,0xd,0xa,0x3c,0x2f,0x73,0x76,
  0x67,0x3e,0xd,0xa,
    // sun.svg
  0x0,0x0,0x3,0x85,
  0x3c,
  0x73,0x76,0x67,0x20,0x78,0x6d,0x6c,0x6e,0x73,0x3d,0x22,0x68,0x74,0x74,0x70,0x3a,
  0x2f,0x2f,0x77,0x77,0x77,0x2e,0x77,0x33,0x2e,0x6f,0x72,0x67,0x2f,0x32,0x30,0x30,
  0x30,0x2f,0x73,0x76,0x67,0x22,0x20,0x76,0x69,0x65,0x77,0x42,0x6f,0x78,0x3d,0x22,
  0x30,0x20,0x30,0x20,0x31,0x30,0x30,0x30,0x20,0x31,0x30,0x30,0x30,0x22,0x20,0x72,
  0x6f,0x6c,0x65,0x3d,0x22,0x69,0x6d,0x67,0x22,0x20,0x61,0x72,0x69,0x61,0x2d,0x6c,
  0x61,0x62,0x65,0x6c,0x3d,0x22,0x53,0x75,0x6e,0x20,0x67,0x6c,0x79,0x70,0x68,0x22,
  0x3e,0xd,0xa,0x20,0x20,0x3c,0x70,0x61,0x74,0x68,0x20,0x64,0x3d,0x22,0x4d,0x39,
  0x32,0x30,0x20,0x35,0x30,0x30,0x51,0x39,0x32,0x30,0x20,0x36,0x37,0x34,0x2e,0x36,
  0x33,0x20,0x37,0x39,0x37,0x2e,0x30,0x33,0x20,0x37,0x39,0x37,0x2e,0x33,0x31,0x51,
  0x36,0x37,0x34,0x2e,0x30,0x36,0x20,0x39,0x32,0x30,0x20,0x34,0x39,0x39,0x2e,0x34,
  0x34,0x20,0x39,0x32,0x30,0x51,0x33,0x32,0x35,0x2e,0x39,0x34,0x20,0x39,0x32,0x30,
  0x20,0x32,0x30,0x32,0x2e,0x39,0x37,0x20,0x37,0x39,0x37,0x2e,0x33,0x31,0x51,0x38,
  0x30,0x20,0x36,0x37,0x34,0x2e,0x36,0x33,0x20,0x38,0x30,0x20,0x35,0x30,0x30,0x51,
  0x38,0x30,0x20,0x33,0x39,0x31,0x2e,0x30,0x37,0x20,0x31,0x33,0x36,0x2e,0x34,0x33,
  0x20,0x32,0x38,0x39,0x2e,0x37,0x32,0x51,0x31,0x39,0x32,0x2e,0x38,0x36,0x20,0x31,
  0x38,0x38,0x2e,0x33,0x37,0x20,0x32,0x39,0x33,0x2e,0x39,0x33,0x20,0x31,0x33,0x34,
  0x2e,0x31,0x38,0x51,0x33,0x39,0x35,0x20,0x38,0x30,0x20,0x34,0x39,0x39,0x2e,0x34,
  0x34,0x20,0x38,0x30,0x51,0x36,0x30,0x35,0x2e,0x35,0x36,0x20,0x38,0x30,0x20,0x37,
  0x30,0x36,0x2e,0x36,0x33,0x20,0x31,0x33,0x34,0x2e,0x31,0x38,0x51,0x38,0x30,0x37,
  0x2e,0x37,0x20,0x31,0x38,0x38,0x2e,0x33,0x37,0x20,0x38,0x36,0x33,0x2e,0x38,0x35,
  0x20,0x32,0x38,0x39,0x2e,0x31,0x36,0x51,0x39,0x32,0x30,0x20,0x33,0x38,0x39,0x2e,
  0x39,0x35,0x20,0x39,0x32,0x30,0x20,0x35,0x30,0x30,0x5a,0x4d,0x31,0x32,0x30,0x2e,
  0x39,0x39,0x20,0x35,0x30,0x30,0x51,0x31,0x32,0x30,0x2e,0x39,0x39,0x20,0x36,0x35,
  0x37,0x2e,0x32,0x32,0x20,0x32,0x33,0x31,0x2e,0x36,0x20,0x37,0x36,0x37,0x2e,0x35,
  0x35,0x51,0x33,0x34,0x32,0x2e,0x32,0x32,0x20,0x38,0x37,0x37,0x2e,0x38,0x39,0x20,
  0x34,0x39,0x39,0x2e,0x34,0x34,0x20,0x38,0x37,0x37,0x2e,0x38,0x39,0x51,0x36,0x35,
  0x36,0x2e,0x36,0x36,0x20,0x38,0x37,0x37,0x2e,0x38,0x39,0x20,0x37,0x36,0x37,0x2e,
  0x32,0x37,0x20,0x37,0x36,0x37,0x2e,0x35,0x35,0x51,0x38,0x37,0x37,0x2e,0x38,0x39,
  0x20,0x36,0x35,0x37,0x2e,0x32,0x32,0x20,0x38,0x37,0x37,0x2e,0x38,0x39,0x20,0x35,
  0x30,0x30,0x51,0x38,0x37,0x37,0x2e,0x38,0x39,0x20,0x34,0x30,0x30,0x2e,0x36,0x31,
  0x20,0x38,0x32,0x37,0x2e,0x33,0x35,0x20,0x33,0x31,0x30,0x2e,0x32,0x31,0x51,0x37,
  0x37,0x36,0x2e,0x38,0x32,0x20,0x32,0x31,0x39,0x2e,0x38,0x31,0x20,0x36,0x38,0x35,
  0x2e,0x38,0x36,0x20,0x31,0x37,0x30,0x2e,0x39,0x36,0x51,0x35,0x39,0x34,0x2e,0x38,
  0x39,0x20,0x31,0x32,0x32,0x2e,0x31,0x31,0x20,0x34,0x39,0x39,0x2e,0x34,0x34,0x20,
  0x31,0x32,0x32,0x2e,0x31,0x31,0x51,0x34,0x30,0x33,0x2e,0x39,0x38,0x20,0x31,0x32,
  0x32,0x2e,0x31,0x31,0x20,0x33,0x31,0x33,0x2e,0x30,0x32,0x20,0x31,0x37,0x30,0x2e,
  0x39,0x36,0x51,0x32,0x32,0x32,0x2e,0x30,0x36,0x20,0x32,0x31,0x39,0x2e,0x38,0x31,
  0x20,0x31,0x37,0x31,0x2e,0x35,0x32,0x20,0x33,0x31,0x30,0x2e,0x32,0x31,0x51,0x31,
  0x32,0x30,0x2e,0x39,0x39,0x20,0x34,0x30,0x30,0x2e,0x36,0x31,0x20,0x31,0x32,0x30,
  0x2e,0x39,0x39,0x20,0x35,0x30,0x30,0x5a,0x4d,0x36,0x30,0x35,0x20,0x35,0x30,0x30,
  0x51,0x36,0x30,0x35,0x20,0x35,0x34,0x33,0x2e,0x38,0x20,0x35,0x37,0x34,0x2e,0x34,
  0x20,0x35,0x37,0x34,0x2e,0x34,0x51,0x35,0x34,0x33,0x2e,0x38,0x20,0x36,0x30,0x35,
  0x20,0x35,0x30,0x30,0x20,0x36,0x30,0x35,0x51,0x34,0x35,0x36,0x2e,0x37,0x36,0x20,
  0x36,0x30,0x35,0x20,0x34,0x32,0x35,0x2e,0x38,0x38,0x20,0x35,0x37,0x34,0x2e,0x34,
  0x51,0x33,0x39,0x35,0x20,0x35,0x34,0x33,0x2e,0x38,0x20,0x33,0x39,0x35,0x20,0x35,
  0x30,0x30,0x51,0x33,0x39,0x35,0x20,0x34,0x37,0x32,0x2e,0x34,0x39,0x20,0x34,0x30,
  0x39,0x2e,0x30,0x34,0x20,0x34,0x34,0x37,0x2e,0x32,0x32,0x51,0x34,0x32,0x33,0x2e,
  0x30,0x37,0x20,0x34,0x32,0x31,0x2e,0x39,0x35,0x20,0x34,0x34,0x38,0x2e,0x33,0x34,
  0x20,0x34,0x30,0x38,0x2e,0x34,0x38,0x51,0x34,0x37,0x33,0x2e,0x36,0x31,0x20,0x33,
  0x39,0x35,0x20,0x35,0x30,0x30,0x20,0x33,0x39,0x35,0x51,0x35,0x32,0x36,0x2e,0x33,
  0x39,0x20,0x33,0x39,0x35,0x20,0x35,0x35,0x31,0x2e,0x36,0x36,0x20,0x34,0x30,0x38,
  0x2e,0x34,0x38,0x51,0x35,0x37,0x36,0x2e,0x39,0x33,0x20,0x34,0x32,0x31,0x2e,0x39,
  0x35,0x20,0x35,0x39,0x30,0x2e,0x39,0x36,0x20,0x34,0x34,0x37,0x2e,0x32,0x32,0x51,
  0x36,0x30,0x35,0x20,0x34,0x37,0x32,0x2e,0x34,0x39,0x20,0x36,0x30,0x35,0x20,0x35,
  0x30,0x30,0x5a,0x22,0x20,0x66,0x69,0x6c,0x6c,0x3d,0x22,0x63,0x75,0x72,0x72,0x65,
  0x6e,0x74,0x43,0x6f,0x6c,0x6f,0x72,0x22,0x2f,0x3e,0xd,0xa,0x3c,0x2f,0x73,0x76,
  0x67,0x3e,0xd,0xa,
    // saturn.svg
  0x0,0x0,0x2,0x2e,
  0x3c,
  0x73,0x76,0x67,0x20,0x78,0x6d,0x6c,0x6e,0x73,0x3d,0x22,0x68,0x74,0x74,0x70,0x3a,
  0x2f,0x2f,0x77,0x77,0x77,0x2e,0x77,0x33,0x2e,0x6f,0x72,0x67,0x2f,0x32,0x30,0x30,
  0x30,0x2f,0x73,0x76,0x67,0x22,0x20,0x76,0x69,0x65,0x77,0x42,0x6f,0x78,0x3d,0x22,
  0x30,0x20,0x30,0x20,0x31,0x30,0x30,0x30,0x20,0x31,0x30,0x30,0x30,0x22,0x20,0x72,
  0x6f,0x6c,0x65,0x3d,0x22,0x69,0x6d,0x67,0x22,0x20,0x61,0x72,0x69,0x61,0x2d,0x6c,
  0x61,0x62,0x65,0x6c,0x3d,0x22,0x53,0x61,0x74,0x75,0x72,0x6e,0x20,0x67,0x6c,0x79,
  0x70,0x68,0x22,0x3e,0xd,0xa,0x20,0x20,0x3c,0x70,0x61,0x74,0x68,0x20,0x64,0x3d,
  0x22,0x4d,0x32,0x39,0x36,0x2e,0x31,0x38,0x20,0x32,0x36,0x35,0x2e,0x38,0x36,0x48,
  0x32,0x33,0x36,0x2e,0x36,0x36,0x56,0x31,0x38,0x31,0x2e,0x30,0x37,0x48,0x32,0x39,
  0x36,0x2e,0x31,0x38,0x56,0x38,0x30,0x48,0x33,0x38,0x31,0x2e,0x35,0x32,0x56,0x31,
  0x38,0x31,0x2e,0x30,0x37,0x48,0x34,0x38,0x31,0x2e,0x34,0x37,0x56,0x32,0x36,0x35,
  0x2e,0x38,0x36,0x48,0x33,0x38,0x31,0x2e,0x35,0x32,0x56,0x34,0x38,0x33,0x2e,0x31,
  0x36,0x51,0x34,0x34,0x33,0x2e,0x38,0x35,0x20,0x34,0x32,0x31,0x2e,0x39,0x35,0x20,
  0x35,0x32,0x39,0x2e,0x32,0x30,0x20,0x34,0x32,0x31,0x2e,0x39,0x35,0x51,0x36,0x32,
  0x39,0x2e,0x31,0x34,0x20,0x34,0x32,0x31,0x2e,0x39,0x35,0x20,0x36,0x39,0x36,0x2e,
  0x32,0x34,0x20,0x34,0x39,0x34,0x2e,0x33,0x39,0x51,0x37,0x36,0x33,0x2e,0x33,0x34,
  0x20,0x35,0x36,0x36,0x2e,0x38,0x32,0x20,0x37,0x36,0x33,0x2e,0x33,0x34,0x20,0x36,
  0x37,0x31,0x2e,0x38,0x32,0x51,0x37,0x36,0x33,0x2e,0x33,0x34,0x20,0x37,0x32,0x32,
  0x2e,0x33,0x35,0x20,0x37,0x32,0x34,0x2e,0x30,0x34,0x20,0x37,0x38,0x36,0x2e,0x36,
  0x34,0x51,0x36,0x38,0x34,0x2e,0x37,0x33,0x20,0x38,0x35,0x30,0x2e,0x39,0x34,0x20,
  0x36,0x38,0x34,0x2e,0x37,0x33,0x20,0x39,0x31,0x38,0x2e,0x38,0x38,0x56,0x39,0x32,
  0x30,0x48,0x35,0x39,0x39,0x2e,0x39,0x35,0x51,0x35,0x39,0x39,0x2e,0x39,0x35,0x20,
  0x38,0x34,0x35,0x2e,0x38,0x38,0x20,0x36,0x33,0x39,0x2e,0x35,0x33,0x20,0x37,0x37,
  0x39,0x2e,0x30,0x36,0x51,0x36,0x37,0x39,0x2e,0x31,0x32,0x20,0x37,0x31,0x32,0x2e,
  0x32,0x35,0x20,0x36,0x37,0x39,0x2e,0x31,0x32,0x20,0x36,0x37,0x31,0x2e,0x38,0x32,
  0x51,0x36,0x37,0x39,0x2e,0x31,0x32,0x20,0x36,0x30,0x32,0x2e,0x37,0x35,0x20,0x36,
  0x33,0x35,0x2e,0x36,0x30,0x20,0x35,0x35,0x35,0x2e,0x33,0x31,0x51,0x35,0x39,0x32,
  0x2e,0x30,0x39,0x20,0x35,0x30,0x37,0x2e,0x38,0x36,0x20,0x35,0x32,0x39,0x2e,0x37,
  0x36,0x20,0x35,0x30,0x37,0x2e,0x38,0x36,0x51,0x34,0x36,0x37,0x2e,0x39,0x39,0x20,
  0x35,0x30,0x37,0x2e,0x38,0x36,0x20,0x34,0x32,0x34,0x2e,0x37,0x36,0x20,0x35,0x35,
  0x35,0x2e,0x35,0x39,0x51,0x33,0x38,0x31,0x2e,0x35,0x32,0x20,0x36,0x30,0x33,0x2e,
  0x33,0x32,0x20,0x33,0x38,0x31,0x2e,0x35,0x32,0x20,0x36,0x37,0x31,0x2e,0x38,0x32,
  0x56,0x39,0x32,0x30,0x48,0x32,0x39,0x36,0x2e,0x31,0x38,0x5a,0x22,0x20,0x66,0x69,
  0x6c,0x6c,0x3d,0x22,0x63,0x75,0x72,0x72,0x65,0x6e,0x74,0x43,0x6f,0x6c,0x6f,0x72,
  0x22,0x2f,0x3e,0xd,0xa,0x3c,0x2f,0x73,0x76,0x67,0x3e,0xd,0xa,
    // venus.svg
  0x0,0x0,0x2,0x95,
  0x3c,
  0x73,0x76,0x67,0x20,0x78,0x6d,0x6c,0x6e,0x73,0x3d,0x22,0x68,0x74,0x74,0x70,0x3a,
  0x2f,0x2f,0x77,0x77,0x77,0x2e,0x77,0x33,0x2e,0x6f,0x72,0x67,0x2f,0x32,0x30,0x30,
  0x30,0x2f,0x73,0x76,0x67,0x22,0x20,0x76,0x69,0x65,0x77,0x42,0x6f,0x78,0x3d,0x22,
  0x30,0x20,0x30,0x20,0x31,0x30,0x30,0x30,0x20,0x31,0x30,0x30,0x30,0x22,0x20,0x72,
  0x6f,0x6c,0x65,0x3d,0x22,0x69,0x6d,0x67,0x22,0x20,0x61,0x72,0x69,0x61,0x2d,0x6c,
  0x61,0x62,0x65,0x6c,0x3d,0x22,0x56,0x65,0x6e,0x75,0x73,0x20,0x67,0x6c,0x79,0x70,
  0x68,0x22,0x3e,0xd,0xa,0x20,0x20,0x3c,0x70,0x61,0x74,0x68,0x20,0x64,0x3d,0x22,
  0x4d,0x35,0x30,0x30,0x20,0x31,0x36,0x35,0x2e,0x36,0x38,0x51,0x34,0x32,0x31,0x2e,
  0x35,0x20,0x31,0x36,0x35,0x2e,0x36,0x38,0x20,0x33,0x36,0x36,0x2e,0x32,0x32,0x20,
  0x32,0x32,0x30,0x2e,0x32,0x34,0x51,0x33,0x31,0x30,0x2e,0x39,0x34,0x20,0x32,0x37,
  0x34,0x2e,0x38,0x20,0x33,0x31,0x30,0x2e,0x39,0x34,0x20,0x33,0x35,0x33,0x2e,0x33,
  0x51,0x33,0x31,0x30,0x2e,0x39,0x34,0x20,0x34,0x33,0x31,0x2e,0x33,0x32,0x20,0x33,
  0x36,0x36,0x2e,0x32,0x32,0x20,0x34,0x38,0x33,0x2e,0x30,0x31,0x51,0x34,0x32,0x31,
  0x2e,0x35,0x20,0x35,0x33,0x34,0x2e,0x37,0x20,0x35,0x30,0x30,0x20,0x35,0x33,0x34,
  0x2e,0x37,0x51,0x35,0x37,0x37,0x2e,0x30,0x36,0x20,0x35,0x33,0x34,0x2e,0x37,0x20,
  0x36,0x33,0x33,0x2e,0x30,0x36,0x20,0x34,0x38,0x33,0x2e,0x30,0x31,0x51,0x36,0x38,
  0x39,0x2e,0x30,0x36,0x20,0x34,0x33,0x31,0x2e,0x33,0x32,0x20,0x36,0x38,0x39,0x2e,
  0x30,0x36,0x20,0x33,0x35,0x33,0x2e,0x33,0x51,0x36,0x38,0x39,0x2e,0x30,0x36,0x20,
  0x32,0x37,0x34,0x2e,0x38,0x20,0x36,0x33,0x33,0x2e,0x30,0x36,0x20,0x32,0x32,0x30,
  0x2e,0x32,0x34,0x51,0x35,0x37,0x37,0x2e,0x30,0x36,0x20,0x31,0x36,0x35,0x2e,0x36,
  0x38,0x20,0x35,0x30,0x30,0x20,0x31,0x36,0x35,0x2e,0x36,0x38,0x5a,0x4d,0x33,0x30,
  0x35,0x2e,0x36,0x38,0x20,0x35,0x34,0x32,0x2e,0x33,0x36,0x51,0x32,0x32,0x34,0x2e,
  0x37,0x39,0x20,0x34,0x36,0x37,0x2e,0x32,0x31,0x20,0x32,0x32,0x34,0x2e,0x37,0x39,
  0x20,0x33,0x35,0x33,0x2e,0x33,0x51,0x32,0x32,0x34,0x2e,0x37,0x39,0x20,0x32,0x33,
  0x38,0x2e,0x39,0x31,0x20,0x33,0x30,0x35,0x2e,0x32,0x20,0x31,0x35,0x39,0x2e,0x34,
  0x35,0x51,0x33,0x38,0x35,0x2e,0x36,0x31,0x20,0x38,0x30,0x20,0x35,0x30,0x30,0x20,
  0x38,0x30,0x51,0x36,0x31,0x32,0x2e,0x39,0x36,0x20,0x38,0x30,0x20,0x36,0x39,0x34,
  0x2e,0x30,0x39,0x20,0x31,0x35,0x39,0x2e,0x34,0x35,0x51,0x37,0x37,0x35,0x2e,0x32,
  0x31,0x20,0x32,0x33,0x38,0x2e,0x39,0x31,0x20,0x37,0x37,0x35,0x2e,0x32,0x31,0x20,
  0x33,0x35,0x33,0x2e,0x33,0x51,0x37,0x37,0x35,0x2e,0x32,0x31,0x20,0x34,0x36,0x37,
  0x2e,0x36,0x39,0x20,0x36,0x39,0x34,0x2e,0x33,0x32,0x20,0x35,0x34,0x32,0x2e,0x33,
  0x36,0x51,0x36,0x32,0x39,0x2e,0x32,0x33,0x20,0x36,0x30,0x32,0x2e,0x36,0x37,0x20,
  0x35,0x34,0x33,0x2e,0x30,0x38,0x20,0x36,0x31,0x31,0x2e,0x32,0x38,0x56,0x37,0x33,
  0x37,0x2e,0x36,0x34,0x48,0x36,0x37,0x33,0x2e,0x32,0x36,0x56,0x37,0x39,0x36,0x2e,
  0x39,0x39,0x48,0x35,0x34,0x33,0x2e,0x30,0x38,0x56,0x39,0x32,0x30,0x48,0x34,0x35,
  0x36,0x2e,0x39,0x32,0x56,0x37,0x39,0x36,0x2e,0x39,0x39,0x48,0x33,0x32,0x36,0x2e,
  0x37,0x34,0x56,0x37,0x33,0x37,0x2e,0x36,0x34,0x48,0x34,0x35,0x36,0x2e,0x39,0x32,
  0x56,0x36,0x31,0x30,0x2e,0x38,0x51,0x33,0x37,0x30,0x2e,0x32,0x39,0x20,0x36,0x30,
  0x32,0x2e,0x36,0x37,0x20,0x33,0x30,0x35,0x2e,0x36,0x38,0x20,0x35,0x34,0x32,0x2e,
  0x33,0x36,0x5a,0x22,0x20,0x66,0x69,0x6c,0x6c,0x3d,0x22,0x63,0x75,0x72,0x72,0x65,
  0x6e,0x74,0x43,0x6f,0x6c,0x6f,0x72,0x22,0x2f,0x3e,0xd,0xa,0x3c,0x2f,0x73,0x76,
  0x67,0x3e,0xd,0xa,
    // north_node.svg
  0x0,0x0,0x1,0x63,
  0x3c,
  0x73,0x76,0x67,0x20,0x78,0x6d,0x6c,0x6e,0x73,0x3d,0x22,0x68,0x74,0x74,0x70,0x3a,
  0x2f,0x2f,0x77,0x77,0x77,0x2e,0x77,0x33,0x2e,0x6f,0x72,0x67,0x2f,0x32,0x30,0x30,
  0x30,0x2f,0x73,0x76,0x67,0x22,0x20,0x76,0x69,0x65,0x77,0x42,0x6f,0x78,0x3d,0x22,
  0x30,0x20,0x30,0x20,0x31,0x30,0x30,0x20,0x31,0x30,0x30,0x22,0x3e,0xd,0xa,0x20,
  0x20,0x3c,0x63,0x69,0x72,0x63,0x6c,0x65,0x20,0x63,0x78,0x3d,0x22,0x33,0x30,0x22,
  0x20,0x63,0x79,0x3d,0x22,0x36,0x30,0x22,0x20,0x72,0x3d,0x22,0x31,0x32,0x22,0x20,
  0x73,0x74,0x72,0x6f,0x6b,0x65,0x3d,0x22,0x63,0x75,0x72,0x72,0x65,0x6e,0x74,0x43,
  0x6f,0x6c,0x6f,0x72,0x22,0x20,0x73,0x74,0x72,0x6f,0x6b,0x65,0x2d,0x77,0x69,0x64,
  0x74,0x68,0x3d,0x22,0x35,0x22,0x20,0x66,0x69,0x6c,0x6c,0x3d,0x22,0x6e,0x6f,0x6e,
  0x65,0x22,0x2f,0x3e,0xd,0xa,0x20,0x20,0x3c,0x63,0x69,0x72,0x63,0x6c,0x65,0x20,
  0x63,0x78,0x3d,0x22,0x37,0x30,0x22,0x20,0x63,0x79,0x3d,0x22,0x36,0x30,0x22,0x20,
  0x72,0x3d,0x22,0x31,0x32,0x22,0x20,0x73,0x74,0x72,0x6f,0x6b,0x65,0x3d,0x22,0x63,
  0x75,0x72,0x72,0x65,0x6e,0x74,0x43,0x6f,0x6c,0x6f,0x72,0x22,0x20,0x73,0x74,0x72,
  0x6f,0x6b,0x65,0x2d,0x77,0x69,0x64,0x74,0x68,0x3d,0x22,0x35,0x22,0x20,0x66,0x69,
  0x6c,0x6c,0x3d,0x22,0x6e,0x6f,0x6e,0x65,0x22,0x2f,0x3e,0xd,0xa,0x20,0x20,0x3c,
  0x70,0x61,0x74,0x68,0x20,0x64,0x3d,0x22,0x4d,0x33,0x30,0x2c,0x34,0x38,0x20,0x51,
  0x35,0x30,0x2c,0x32,0x30,0x20,0x37,0x30,0x2c,0x34,0x38,0x22,0x20,0x73,0x74,0x72,
  0x6f,0x6b,0x65,0x3d,0x22,0x63,0x75,0x72,0x72,0x65,0x6e,0x74,0x43,0x6f,0x6c,0x6f,
  0x72,0x22,0x20,0x73,0x74,0x72,0x6f,0x6b,0x65,0x2d,0x77,0x69,0x64,0x74,0x68,0x3d,
  0x22,0x35,0x22,0x20,0x66,0x69,0x6c,0x6c,0x3d,0x22,0x6e,0x6f,0x6e,0x65,0x22,0x20,
  0x73,0x74,0x72,0x6f,0x6b,0x65,0x2d,0x6c,0x69,0x6e,0x65,0x63,0x61,0x70,0x3d,0x22,
  0x72,0x6f,0x75,0x6e,0x64,0x22,0x2f,0x3e,0xd,0xa,0x3c,0x2f,0x73,0x76,0x67,0x3e,
  0xd,0xa,
  
};

static const unsigned char qt_resource_name[] = {
  // resources
  0x0,0x9,
  0xa,0x6c,0x78,0x43,
  0x0,0x72,
  0x0,0x65,0x0,0x73,0x0,0x6f,0x0,0x75,0x0,0x72,0x0,0x63,0x0,0x65,0x0,0x73,
    // icons
  0x0,0x5,
  0x0,0x6f,0xa6,0x53,
  0x0,0x69,
  0x0,0x63,0x0,0x6f,0x0,0x6e,0x0,0x73,
    // qml
  0x0,0x3,
  0x0,0x0,0x78,0x3c,
  0x0,0x71,
  0x0,0x6d,0x0,0x6c,
    // world_map.qml
  0x0,0xd,
  0xf,0x51,0x5,0x9c,
  0x0,0x77,
  0x0,0x6f,0x0,0x72,0x0,0x6c,0x0,0x64,0x0,0x5f,0x0,0x6d,0x0,0x61,0x0,0x70,0x0,0x2e,0x0,0x71,0x0,0x6d,0x0,0x6c,
    // planets
  0x0,0x7,
  0x7,0x28,0x4c,0x53,
  0x0,0x70,
  0x0,0x6c,0x0,0x61,0x0,0x6e,0x0,0x65,0x0,0x74,0x0,0x73,
    // zodiac
  0x0,0x6,
  0x8,0x15,0xaf,0x73,
  0x0,0x7a,
  0x0,0x6f,0x0,0x64,0x0,0x69,0x0,0x61,0x0,0x63,
    // aries.svg
  0x0,0x9,
  0xf,0xc6,0x8b,0xc7,
  0x0,0x61,
  0x0,0x72,0x0,0x69,0x0,0x65,0x0,0x73,0x0,0x2e,0x0,0x73,0x0,0x76,0x0,0x67,
    // cancer.svg
  0x0,0xa,
  0x9,0xc8,0x6a,0x47,
  0x0,0x63,
  0x0,0x61,0x0,0x6e,0x0,0x63,0x0,0x65,0x0,0x72,0x0,0x2e,0x0,0x73,0x0,0x76,0x0,0x67,
    // taurus.svg
  0x0,0xa,
  0x9,0xcd,0xb,0x47,
  0x0,0x74,
  0x0,0x61,0x0,0x75,0x0,0x72,0x0,0x75,0x0,0x73,0x0,0x2e,0x0,0x73,0x0,0x76,0x0,0x67,
    // scorpio.svg
  0x0,0xb,
  0x6,0x35,0x17,0xe7,
  0x0,0x73,
  0x0,0x63,0x0,0x6f,0x0,0x72,0x0,0x70,0x0,0x69,0x0,0x6f,0x0,0x2e,0x0,0x73,0x0,0x76,0x0,0x67,
    // virgo.svg
  0x0,0x9,
  0x8,0xe2,0xa0,0xc7,
  0x0,0x76,
  0x0,0x69,0x0,0x72,0x0,0x67,0x0,0x6f,0x0,0x2e,0x0,0x73,0x0,0x76,0x0,0x67,
    // libra.svg
  0x0,0x9,
  0x9,0x84,0xbf,0x27,
  0x0,0x6c,
  0x0,0x69,0x0,0x62,0x0,0x72,0x0,0x61,0x0,0x2e,0x0,0x73,0x0,0x76,0x0,0x67,
    // gemini.svg
  0x0,0xa,
  0x0,0x49,0xe2,0x47,
  0x0,0x67,
  0x0,0x65,0x0,0x6d,0x0,0x69,0x0,0x6e,0x0,0x69,0x0,0x2e,0x0,0x73,0x0,0x76,0x0,0x67,
    // sagittarius.svg
  0x0,0xf,
  0xc,0xd4,0xee,0x7,
  0x0,0x73,
  0x0,0x61,0x0,0x67,0x0,0x69,0x0,0x74,0x0,0x74,0x0,0x61,0x0,0x72,0x0,0x69,0x0,0x75,0x0,0x73,0x0,0x2e,0x0,0x73,0x0,0x76,0x0,0x67,
    // leo.svg
  0x0,0x7,
  0x2,0xc2,0x5a,0x27,
  0x0,0x6c,
  0x0,0x65,0x0,0x6f,0x0,0x2e,0x0,0x73,0x0,0x76,0x0,0x67,
    // aquarius.svg
  0x0,0xc,
  0xd,0xd7,0x2b,0xe7,
  0x0,0x61,
  0x0,0x71,0x0,0x75,0x0,0x61,0x0,0x72,0x0,0x69,0x0,0x75,0x0,0x73,0x0,0x2e,0x0,0x73,0x0,0x76,0x0,0x67,
    // pisces.svg
  0x0,0xa,
  0x9,0xcc,0xbb,0xe7,
  0x0,0x70,
  0x0,0x69,0x0,0x73,0x0,0x63,0x0,0x65,0x0,0x73,0x0,0x2e,0x0,0x73,0x0,0x76,0x0,0x67,
    // capricorn.svg
  0x0,0xd,
  0x5,0x9e,0x44,0x27,
  0x0,0x63,
  0x0,0x61,0x0,0x70,0x0,0x72,0x0,0x69,0x0,0x63,0x0,0x6f,0x0,0x72,0x0,0x6e,0x0,0x2e,0x0,0x73,0x0,0x76,0x0,0x67,
    // moon.svg
  0x0,0x8,
  0x6,0x61,0x54,0x47,
  0x0,0x6d,
  0x0,0x6f,0x0,0x6f,0x0,0x6e,0x0,0x2e,0x0,0x73,0x0,0x76,0x0,0x67,
    // neptune.svg
  0x0,0xb,
  0xc,0xb1,0xd5,0xa7,
  0x0,0x6e,
  0x0,0x65,0x0,0x70,0x0,0x74,0x0,0x75,0x0,0x6e,0x0,0x65,0x0,0x2e,0x0,0x73,0x0,0x76,0x0,0x67,
    // south_node.svg
  0x0,0xe,
  0x8,0x35,0x80,0xe7,
  0x0,0x73,
  0x0,0x6f,0x0,0x75,0x0,0x74,0x0,0x68,0x0,0x5f,0x0,0x6e,0x0,0x6f,0x0,0x64,0x0,0x65,0x0,0x2e,0x0,0x73,0x0,0x76,0x0,0x67,
    // chiron.svg
  0x0,0xa,
  0x9,0x6c,0x64,0xc7,
  0x0,0x63,
  0x0,0x68,0x0,0x69,0x0,0x72,0x0,0x6f,0x0,0x6e,0x0,0x2e,0x0,0x73,0x0,0x76,0x0,0x67,
    // jupiter.svg
  0x0,0xb,
  0xa,0x26,0xd4,0xc7,
  0x0,0x6a,
  0x0,0x75,0x0,0x70,0x0,0x69,0x0,0x74,0x0,0x65,0x0,0x72,0x0,0x2e,0x0,0x73,0x0,0x76,0x0,0x67,
    // mercury.svg
  0x0,0xb,
  0xc,0x7f,0xcb,0x87,
  0x0,0x6d,
  0x0,0x65,0x0,0x72,0x0,0x63,0x0,0x75,0x0,0x72,0x0,0x79,0x0,0x2e,0x0,0x73,0x0,0x76,0x0,0x67,
    // mars.svg
  0x0,0x8,
  0x8,0x96,0x54,0xa7,
  0x0,0x6d,
  0x0,0x61,0x0,0x72,0x0,0x73,0x0,0x2e,0x0,0x73,0x0,0x76,0x0,0x67,
    // pluto.svg
  0x0,0x9,
  0xc,0xb2,0xb4,0xa7,
  0x0,0x70,
  0x0,0x6c,0x0,0x75,0x0,0x74,0x0,0x6f,0x0,0x2e,0x0,0x73,0x0,0x76,0x0,0x67,
    // uranus.svg
  0x0,0xa,
  0x5,0xcd,0xcb,0xc7,
  0x0,0x75,
  0x0,0x72,0x0,0x61,0x0,0x6e,0x0,0x75,0x0,0x73,0x0,0x2e,0x0,0x73,0x0,0x76,0x0,0x67,
    // sun.svg
  0x0,0x7,
  0xa,0xc1,0x5a,0x27,
  0x0,0x73,
  0x0,0x75,0x0,0x6e,0x0,0x2e,0x0,0x73,0x0,0x76,0x0,0x67,
    // saturn.svg
  0x0,0xa,
  0xc,0x9e,0x6b,0xa7,
  0x0,0x73,
  0x0,0x61,0x0,0x74,0x0,0x75,0x0,0x72,0x0,0x6e,0x0,0x2e,0x0,0x73,0x0,0x76,0x0,0x67,
    // venus.svg
  0x0,0x9,
  0x5,0xc6,0xa3,0x47,
  0x0,0x76,
  0x0,0x65,0x0,0x6e,0x0,0x75,0x0,0x73,0x0,0x2e,0x0,0x73,0x0,0x76,0x0,0x67,
    // north_node.svg
  0x0,0xe,
  0x8,0x95,0x83,0x27,
  0x0,0x6e,
  0x0,0x6f,0x0,0x72,0x0,0x74,0x0,0x68,0x0,0x5f,0x0,0x6e,0x0,0x6f,0x0,0x64,0x0,0x65,0x0,0x2e,0x0,0x73,0x0,0x76,0x0,0x67,
  
};

static const unsigned char qt_resource_struct[] = {
  // :
  0x0,0x0,0x0,0x0,0x0,0x2,0x0,0x0,0x0,0x1,0x0,0x0,0x0,0x1,
0x0,0x0,0x0,0x0,0x0,0x0,0x0,0x0,
  // :/resources
  0x0,0x0,0x0,0x0,0x0,0x2,0x0,0x0,0x0,0x2,0x0,0x0,0x0,0x2,
0x0,0x0,0x0,0x0,0x0,0x0,0x0,0x0,
  // :/resources/qml
  0x0,0x0,0x0,0x28,0x0,0x2,0x0,0x0,0x0,0x1,0x0,0x0,0x0,0x1f,
0x0,0x0,0x0,0x0,0x0,0x0,0x0,0x0,
  // :/resources/icons
  0x0,0x0,0x0,0x18,0x0,0x2,0x0,0x0,0x0,0x2,0x0,0x0,0x0,0x4,
0x0,0x0,0x0,0x0,0x0,0x0,0x0,0x0,
  // :/resources/icons/planets
  0x0,0x0,0x0,0x54,0x0,0x2,0x0,0x0,0x0,0xd,0x0,0x0,0x0,0x12,
0x0,0x0,0x0,0x0,0x0,0x0,0x0,0x0,
  // :/resources/icons/zodiac
  0x0,0x0,0x0,0x68,0x0,0x2,0x0,0x0,0x0,0xc,0x0,0x0,0x0,0x6,
0x0,0x0,0x0,0x0,0x0,0x0,0x0,0x0,
  // :/resources/icons/zodiac/gemini.svg
  0x0,0x0,0x1,0x12,0x0,0x0,0x0,0x0,0x0,0x1,0x0,0x0,0x16,0xd0,
0x0,0x0,0x1,0x9b,0xf5,0x40,0x69,0xee,
  // :/resources/icons/zodiac/leo.svg
  0x0,0x0,0x1,0x50,0x0,0x0,0x0,0x0,0x0,0x1,0x0,0x0,0x1a,0x1f,
0x0,0x0,0x1,0x9b,0xf5,0x40,0xc2,0x1c,
  // :/resources/icons/zodiac/capricorn.svg
  0x0,0x0,0x1,0x9c,0x0,0x0,0x0,0x0,0x0,0x1,0x0,0x0,0x24,0xf,
0x0,0x0,0x1,0x9b,0xf5,0x41,0x53,0xcb,
  // :/resources/icons/zodiac/scorpio.svg
  0x0,0x0,0x0,0xc6,0x0,0x0,0x0,0x0,0x0,0x1,0x0,0x0,0xd,0xba,
0x0,0x0,0x1,0x9b,0xf5,0x41,0xa,0x5e,
  // :/resources/icons/zodiac/virgo.svg
  0x0,0x0,0x0,0xe2,0x0,0x0,0x0,0x0,0x0,0x1,0x0,0x0,0x10,0xd2,
0x0,0x0,0x1,0x9b,0xf5,0x40,0xda,0xe,
  // :/resources/icons/zodiac/libra.svg
  0x0,0x0,0x0,0xfa,0x0,0x0,0x0,0x0,0x0,0x1,0x0,0x0,0x14,0xaa,
0x0,0x0,0x1,0x9b,0xf5,0x40,0xf9,0x8d,
  // :/resources/icons/zodiac/cancer.svg
  0x0,0x0,0x0,0x92,0x0,0x0,0x0,0x0,0x0,0x1,0x0,0x0,0x6,0x3c,
0x0,0x0,0x1,0x9b,0xf5,0x40,0x96,0xcf,
  // :/resources/icons/zodiac/pisces.svg
  0x0,0x0,0x1,0x82,0x0,0x0,0x0,0x0,0x0,0x1,0x0,0x0,0x22,0x59,
0x0,0x0,0x1,0x9b,0xf5,0x41,0x71,0xa3,
  // :/resources/icons/zodiac/taurus.svg
  0x0,0x0,0x0,0xac,0x0,0x0,0x0,0x0,0x0,0x1,0x0,0x0,0xa,0x7e,
0x0,0x0,0x1,0x9b,0xf5,0x40,0x3b,0x8d,
  // :/resources/icons/zodiac/sagittarius.svg
  0x0,0x0,0x1,0x2c,0x0,0x0,0x0,0x0,0x0,0x1,0x0,0x0,0x18,0xaa,
0x0,0x0,0x1,0x9b,0xf5,0x41,0x2e,0xa4,
  // :/resources/icons/zodiac/aquarius.svg
  0x0,0x0,0x1,0x64,0x0,0x0,0x0,0x0,0x0,0x1,0x0,0x0,0x1e,0x52,
0x0,0x0,0x1,0x9b,0xf5,0x41,0x66,0xbc,
  // :/resources/icons/zodiac/aries.svg
  0x0,0x0,0x0,0x7a,0x0,0x0,0x0,0x0,0x0,0x1,0x0,0x0,0x3,0xda,
0x0,0x0,0x1,0x9b,0xf5,0x40,0x26,0x55,
  // :/resources/icons/planets/venus.svg
  0x0,0x0,0x2,0xd8,0x0,0x0,0x0,0x0,0x0,0x1,0x0,0x0,0x40,0xd7,
0x0,0x0,0x1,0x9b,0xf5,0xab,0x58,0xda,
  // :/resources/icons/planets/uranus.svg
  0x0,0x0,0x2,0x90,0x0,0x0,0x0,0x0,0x0,0x1,0x0,0x0,0x38,0xc3,
0x0,0x0,0x1,0x9b,0xf5,0xe5,0xa1,0x14,
  // :/resources/icons/planets/moon.svg
  0x0,0x0,0x1,0xbc,0x0,0x0,0x0,0x0,0x0,0x1,0x0,0x0,0x27,0x12,
0x0,0x0,0x1,0x9b,0xf5,0xab,0x24,0x23,
  // :/resources/icons/planets/south_node.svg
  0x0,0x0,0x1,0xee,0x0,0x0,0x0,0x0,0x0,0x1,0x0,0x0,0x2b,0xe2,
0x0,0x0,0x1,0x9b,0xf1,0xaf,0x98,0x9f,
  // :/resources/icons/planets/north_node.svg
  0x0,0x0,0x2,0xf0,0x0,0x0,0x0,0x0,0x0,0x1,0x0,0x0,0x43,0x70,
0x0,0x0,0x1,0x9b,0xf1,0xaf,0x90,0x8f,
  // :/resources/icons/planets/mars.svg
  0x0,0x0,0x2,0x62,0x0,0x0,0x0,0x0,0x0,0x1,0x0,0x0,0x34,0xb0,
0x0,0x0,0x1,0x9b,0xf5,0xab,0x6e,0x3e,
  // :/resources/icons/planets/chiron.svg
  0x0,0x0,0x2,0x10,0x0,0x0,0x0,0x0,0x0,0x1,0x0,0x0,0x2d,0x49,
0x0,0x0,0x1,0x9b,0xf1,0xaf,0x88,0x19,
  // :/resources/icons/planets/jupiter.svg
  0x0,0x0,0x2,0x2a,0x0,0x0,0x0,0x0,0x0,0x1,0x0,0x0,0x2e,0xbe,
0x0,0x0,0x1,0x9b,0xf5,0xab,0x7f,0xbd,
  // :/resources/icons/planets/sun.svg
  0x0,0x0,0x2,0xaa,0x0,0x0,0x0,0x0,0x0,0x1,0x0,0x0,0x3b,0x1c,
0x0,0x0,0x1,0x9b,0xf5,0xaa,0xf9,0x45,
  // :/resources/icons/planets/mercury.svg
  0x0,0x0,0x2,0x46,0x0,0x0,0x0,0x0,0x0,0x1,0x0,0x0,0x30,0xda,
0x0,0x0,0x1,0x9b,0xf5,0xab,0x3c,0xf6,
  // :/resources/icons/planets/saturn.svg
  0x0,0x0,0x2,0xbe,0x0,0x0,0x0,0x0,0x0,0x1,0x0,0x0,0x3e,0xa5,
0x0,0x0,0x1,0x9b,0xf5,0xab,0x8a,0x1,
  // :/resources/icons/planets/neptune.svg
  0x0,0x0,0x1,0xd2,0x0,0x0,0x0,0x0,0x0,0x1,0x0,0x0,0x29,0xc4,
0x0,0x0,0x1,0x9b,0xf5,0xe5,0xab,0x87,
  // :/resources/icons/planets/pluto.svg
  0x0,0x0,0x2,0x78,0x0,0x0,0x0,0x0,0x0,0x1,0x0,0x0,0x37,0x61,
0x0,0x0,0x1,0x9b,0xf5,0xe5,0xb5,0x83,
  // :/resources/qml/world_map.qml
  0x0,0x0,0x0,0x34,0x0,0x0,0x0,0x0,0x0,0x1,0x0,0x0,0x0,0x0,
0x0,0x0,0x1,0x9c,0x1,0x90,0x44,0xbf,

};

#ifdef QT_NAMESPACE
#  define QT_RCC_PREPEND_NAMESPACE(name) ::QT_NAMESPACE::name
#  define QT_RCC_MANGLE_NAMESPACE0(x) x
#  define QT_RCC_MANGLE_NAMESPACE1(a, b) a##_##b
#  define QT_RCC_MANGLE_NAMESPACE2(a, b) QT_RCC_MANGLE_NAMESPACE1(a,b)
#  define QT_RCC_MANGLE_NAMESPACE(name) QT_RCC_MANGLE_NAMESPACE2( \
        QT_RCC_MANGLE_NAMESPACE0(name), QT_RCC_MANGLE_NAMESPACE0(QT_NAMESPACE))
#else
#   define QT_RCC_PREPEND_NAMESPACE(name) name
#   define QT_RCC_MANGLE_NAMESPACE(name) name
#endif

#if defined(QT_INLINE_NAMESPACE)
inline namespace QT_NAMESPACE {
#elif defined(QT_NAMESPACE)
namespace QT_NAMESPACE {
#endif

bool qRegisterResourceData(int, const unsigned char *, const unsigned char *, const unsigned char *);
bool qUnregisterResourceData(int, const unsigned char *, const unsigned char *, const unsigned char *);

#ifdef QT_NAMESPACE
}
#endif

int QT_RCC_MANGLE_NAMESPACE(qInitResources_resources)();
int QT_RCC_MANGLE_NAMESPACE(qInitResources_resources)()
{
    int version = 3;
    QT_RCC_PREPEND_NAMESPACE(qRegisterResourceData)
        (version, qt_resource_struct, qt_resource_name, qt_resource_data);
    return 1;
}

int QT_RCC_MANGLE_NAMESPACE(qCleanupResources_resources)();
int QT_RCC_MANGLE_NAMESPACE(qCleanupResources_resources)()
{
    int version = 3;
    QT_RCC_PREPEND_NAMESPACE(qUnregisterResourceData)
       (version, qt_resource_struct, qt_resource_name, qt_resource_data);
    return 1;
}

#ifdef __clang__
#   pragma clang diagnostic push
#   pragma clang diagnostic ignored "-Wexit-time-destructors"
#endif

namespace {
   struct initializer {
       initializer() { QT_RCC_MANGLE_NAMESPACE(qInitResources_resources)(); }
       ~initializer() { QT_RCC_MANGLE_NAMESPACE(qCleanupResources_resources)(); }
   } dummy;
}

#ifdef __clang__
#   pragma clang diagnostic pop
#endif
